source_path,source_revision,source_section,immutable_source,destination_volume,destination_unit_ids,reader_outcome,prerequisite_edges,migration_status,first_milestone_scope,second_milestone_scope,current_draft_scope,remaining_scope,editorial_action,rewrite_concern,evidence_status
book/00-prologue.md,7d7e1996d1753118181d43e1a413960d3a1ec24b,whole document,https://github.com/delta9000/seed-forth/blob/7d7e1996d1753118181d43e1a413960d3a1ec24b/book/00-prologue.md,seed-forth;all,S00;S19;R-lineage,State the seed outcome and limits of output equality.,entry -> S00 | S10;S11;S12;S13;S14;S15;S16;S17;S18 -> S19 | S00;C20;C24;G25;K08 -> R-lineage,planned,No replacement manuscript coverage yet,No replacement manuscript coverage yet,No replacement manuscript coverage yet,All mapped teaching units and their practice/solutions,retain;rewrite;split,Replace absolute correctness rhetoric; distinguish Forth compiler from C products and keep route provenance explicit.,planned manuscript; no execution claimed
book/01-stacks-and-words.md,7d7e1996d1753118181d43e1a413960d3a1ec24b,whole document,https://github.com/delta9000/seed-forth/blob/7d7e1996d1753118181d43e1a413960d3a1ec24b/book/01-stacks-and-words.md,seed-forth,S01;S03;S04;S06;S08,"Trace stack effects, explicit literals, colon contracts, and later derived shuffles.",entry -> S01 | S01 -> S03 | S01;S03 -> S04 | S02;S03;S04 -> S06 | S02;S06 -> S08,partial,"S1/S01 draft: stack/cell model, explicit literals, word and colon-definition contracts, unsigned division and valid-input limits","S1/S01 stack/cell, explicit literals, colon and division contracts; S3/S03 subtraction; S4/S04 over, nip, rot, 2dup and 2drop",S01 values/literals/colon contracts; S03 subtraction; S04 full named shuffle family; later S08 opens defining phases,Complete original exercise/source reconciliation and reusable execution setup; new-example execution; full primitive machine-code audit remains later,split;rewrite,Teach notation before return-stack internals; conventional Forth syntax and gforth are separate profiles.,draft; source-inspected; manually traced; new manuscript examples unexecuted; canonical CI recorded separately
book/02-code-emission-and-here.md,7d7e1996d1753118181d43e1a413960d3a1ec24b,whole document,https://github.com/delta9000/seed-forth/blob/7d7e1996d1753118181d43e1a413960d3a1ec24b/book/02-code-emission-and-here.md,seed-forth,S02;S06;S08;S16,"Trace HERE, its storage cell, byte emission, and eventually literal implementation.",S01 -> S02 | S02;S03;S04 -> S06 | S02;S06 -> S08 | S06;S08;S15 -> S16,partial,"S2/S02 draft: byte/cell/address, HERE storage, latest/here distinction, here-addr derivation and complete c, manual trace","S2/S02 byte/cell/address, HERE storage, latest/here, here-addr and c,; S6/S06 multi-byte writers and cursor invariants","S02 byte/cell/address and HERE/c,; S06 multi-byte writers; S08 call and inline-literal layout contracts",Full seed/compiler byte audit; remaining original practice reconciliation and new-example execution,split;bridge,Teach byte/cell/address and fetch/store first; do not imply that an introductory memory trace audits inline literal machinery.,draft; source-inspected; manually traced; new manuscript examples unexecuted; canonical CI recorded separately
book/03-logic-from-nand.md,7d7e1996d1753118181d43e1a413960d3a1ec24b,whole document,https://github.com/delta9000/seed-forth/blob/7d7e1996d1753118181d43e1a413960d3a1ec24b/book/03-logic-from-nand.md,seed-forth,S03;S04,"Derive cell-wide logic and distinguish truth from complement, then construct richer combinations.",S01 -> S03 | S01;S03 -> S04,partial,"S3/S03 draft: nand, complete and/or derivations, canonical flags, complement, truth-versus-mask counterexample","S3/S03 nand, and/or derivations, canonical flags, complement and truth/mask boundary; S4/S04 optional XOR construction","S3/S03 nand, and/or derivations, canonical flags, complement and truth/mask boundary; S4/S04 optional XOR construction",Remaining optional named-helper/source-practice reconciliation; execution checks and full primitive encoding audit,retain;split,Keep noncanonical truthy values and mark XOR shuffle prerequisites; all-ones is a full cell mask.,draft; source-inspected; manually traced; not execution-verified
book/04-return-stack-over-subtract.md,7d7e1996d1753118181d43e1a413960d3a1ec24b,whole document,https://github.com/delta9000/seed-forth/blob/7d7e1996d1753118181d43e1a413960d3a1ec24b/book/04-return-stack-over-subtract.md,seed-forth,S03;S04;S09;S10;S12,Derive subtraction and one-step helpers; explain balanced return-stack use behind over and later exits.,S01 -> S03 | S01;S03 -> S04 | S03;S04;S06;S08 -> S09 | S02;S04;S05;S06;S08;S09 -> S10 | S04;S11 -> S12,partial,"S3/S03 draft: two's-complement subtraction, operand order, modular inverse and width-change practice","S3/S03 modular subtraction; S4/S04 return destinations, >r/r>/r@, balanced over, primitive call handling and helper-boundary limitation",S03 modular subtraction; S04 return primitives and ownership; S10 explicit 1+/1- before loops; S09/S10 early-exit cleanup,Full emitted-size/encoding comparison and original practice reconciliation; full seed audit and new-example execution,split;rewrite,Subtraction can be learned before CPU return mechanics; repair exercise constraints and preserve operand order.,draft; source-inspected; manually traced; new manuscript examples unexecuted; canonical CI recorded separately
book/05-syscalls.md,7d7e1996d1753118181d43e1a413960d3a1ec24b,whole document,https://github.com/delta9000/seed-forth/blob/7d7e1996d1753118181d43e1a413960d3a1ec24b/book/05-syscalls.md,seed-forth,S07;S14,Translate stack inputs to Linux syscall registers and interpret partial progress.,S02;S03;S04;S05 -> S07 | S07;S12 -> S14,partial,No replacement manuscript coverage yet,No replacement manuscript coverage yet,"S07 all five wrappers, stack/register bridge, raw errors, partial transfers, exit status and bounded emit/key contracts",Complete retrying-write implementation with a stated policy; remaining original file/I/O practice and execution; complete physical-I/O primitive audit,retain;bridge,Move write-all implementation practice after loops; a Linux syscall is not a C ABI call.,draft; source-inspected; manually traced; new manuscript examples unexecuted; canonical CI recorded separately
book/06-character-classification.md,7d7e1996d1753118181d43e1a413960d3a1ec24b,whole document,https://github.com/delta9000/seed-forth/blob/7d7e1996d1753118181d43e1a413960d3a1ec24b/book/06-character-classification.md,seed-forth,S05,Derive the unsigned range-check classifier and its four-byte whitespace subset.,S03;S04 -> S05,partial,No replacement manuscript coverage yet,"S5/S05 unsigned byte-range proofs, digit?, alpha-lower?, alpha-upper?, alpha?, and exact four-byte space? with over trace","S05 unsigned byte-range proofs, all classifiers and exact four-byte whitespace set",Remaining original range/category extensions and environment-specific checks; new-example execution,retain;rewrite,Name unsigned division and wrap assumptions; the gforth shim does not establish them.,draft; source-inspected; manually traced; new manuscript examples unexecuted; canonical CI recorded separately
book/07-comparisons-from-division.md,7d7e1996d1753118181d43e1a413960d3a1ec24b,whole document,https://github.com/delta9000/seed-forth/blob/7d7e1996d1753118181d43e1a413960d3a1ec24b/book/07-comparisons-from-division.md,seed-forth,S05;S10,Predict signed and unsigned comparisons at ordinary and extreme values.,S03;S04 -> S05 | S02;S04;S05;S06;S08;S09 -> S10,partial,No replacement manuscript coverage yet,"S5/S05 true, equality/inequality, 2^63 sign-bit extraction, canonical flags, < > <= >= and exact directional-difference bounds",S05 true/equality/sign/order with exact directional bounds; S10 states bounded nearby-pointer and loop-count uses,Remaining original extension/representation exercises and live seed probes; full primitive arithmetic audit; no whole-project range audit,retain;rewrite,State the subtraction-overflow domain before presenting less-than; require a failing out-of-domain example.,draft; source-inspected; manually traced; new manuscript examples unexecuted; canonical CI recorded separately
book/08-stack-shufflers.md,7d7e1996d1753118181d43e1a413960d3a1ec24b,whole document,https://github.com/delta9000/seed-forth/blob/7d7e1996d1753118181d43e1a413960d3a1ec24b/book/08-stack-shufflers.md,seed-forth,S04,"Construct and trace nip, rot, 2dup, and 2drop.",S01;S03 -> S04,partial,No replacement manuscript coverage yet,"S4/S04 over, nip, rot, 2dup, 2drop; corrected tuck; fixed-depth copying; call ownership and optional XOR; inverse rotation revisited as rot twice in feedback","S4/S04 over, nip, rot, 2dup, 2drop; corrected tuck; fixed-depth copying; call ownership and optional XOR; inverse rotation revisited as rot twice in feedback",Remaining pair/roll constructions and emitted-size comparisons; execution verification and full primitive machine-code audit,retain;rewrite,Missing a pick primitive does not make a recursive derived pick impossible; make exercise inputs complete.,draft; source-inspected; manually traced; not execution-verified
book/09-memory-and-cell-writers.md,7d7e1996d1753118181d43e1a413960d3a1ec24b,whole document,https://github.com/delta9000/seed-forth/blob/7d7e1996d1753118181d43e1a413960d3a1ec24b/book/09-memory-and-cell-writers.md,seed-forth,S06;S08,Trace cell updates and low-byte-first four/eight-byte emission.,S02;S03;S04 -> S06 | S02;S06 -> S08,partial,No replacement manuscript coverage yet,"S6/S06 full +!/-! traces, operand-order correction, ,4/,8 byte traces, truncation, paper decoding and composed record exercise","S06 +!/-!/,4/,8, exact operand order, truncation, paper decoding and composed fields; S08 instruction-template applications",Remaining narrow-writer/four-byte-reader constructions and live round trips; complete source/byte audit,retain;rewrite,Fix the subtraction-update stack order; distinguish dictionary writes from C output-buffer writes.,draft; source-inspected; manually traced; new manuscript examples unexecuted; canonical CI recorded separately
book/10-immediacy-and-constants.md,7d7e1996d1753118181d43e1a413960d3a1ec24b,whole document,https://github.com/delta9000/seed-forth/blob/7d7e1996d1753118181d43e1a413960d3a1ec24b/book/10-immediacy-and-constants.md,seed-forth,S08;S15;S16,Explain immediate execution and the three phases of a defining word.,S02;S06 -> S08 | S08;S11;S12;S14 -> S15 | S06;S08;S15 -> S16,partial,No replacement manuscript coverage yet,No replacement manuscript coverage yet,"S08 headers/xts, STATE dispatch, exact immediate metadata store, three phases, 19-byte body, call, and character literals/constants",Full dictionary/token-reader/colon-compiler instruction audit; remaining original practice and generated-memory inspection; new-example execution,split;bridge,Use a phase timeline and inspect newly generated dictionary memory rather than the original executable image.,draft; source-inspected; manually traced; new manuscript examples unexecuted; canonical CI recorded separately
book/11-control-flow-combinators.md,7d7e1996d1753118181d43e1a413960d3a1ec24b,whole document,https://github.com/delta9000/seed-forth/blob/7d7e1996d1753118181d43e1a413960d3a1ec24b/book/11-control-flow-combinators.md,seed-forth,S09;S10;S17,Build conditionals and loops with explicit compile-time and runtime states.,S03;S04;S06;S08 -> S09 | S02;S04;S05;S06;S08;S09 -> S10 | S09;S12;S16 -> S17,partial,No replacement manuscript coverage yet,No replacement manuscript coverage yet,"S09 all nine definitions, conditional/countdown compile/runtime traces, inline-slot consumption, post-tests, unconditional loops and exit cleanup; S10 byte-loop reuse",Remaining extensions including do/loop; full seed branch instruction audit; new-example execution,retain;move,"Preserve the countdown/fixup trace; treat do/loop as a substantial later capstone, not a small missing prerequisite.",draft; source-inspected; manually traced; new manuscript examples unexecuted; canonical CI recorded separately
book/12-defining-words-and-bytes-eq.md,7d7e1996d1753118181d43e1a413960d3a1ec24b,whole document,https://github.com/delta9000/seed-forth/blob/7d7e1996d1753118181d43e1a413960d3a1ec24b/book/12-defining-words-and-bytes-eq.md,seed-forth,S10,"Use persistent named storage, deferred words, names-as-data, and bytes-eq.",S02;S04;S05;S06;S08;S09 -> S10,partial,No replacement manuscript coverage yet,No replacement manuscript coverage yet,"S10 allocation/create/variable, bounded skip-vm-pages transition, 29-byte deferred body/binding, 1+/1- before token loops, borrowed-token lifetime, copying, bytes-eq and recognizer capstone",Complete legacy practice/capstone reconciliation; actual full-library load/integration and new-example execution; complete supporting seed audit,retain;rewrite,"Returned data-stack values survive; persistence here means named storage, not survival across a word return.",draft; source-inspected; manually traced; new manuscript examples unexecuted; canonical CI recorded separately
book/13-elf-and-entry.md,7d7e1996d1753118181d43e1a413960d3a1ec24b,whole document,https://github.com/delta9000/seed-forth/blob/7d7e1996d1753118181d43e1a413960d3a1ec24b/book/13-elf-and-entry.md,seed-forth,S11,Translate file offsets into virtual addresses and explain initial seed state.,S02;S06 -> S11,planned,No replacement manuscript coverage yet,No replacement manuscript coverage yet,No replacement manuscript coverage yet,All mapped teaching units and their practice/solutions,retain;bridge,Introduce an instruction/hex key; distinguish mapped virtual space from physical pages touched.,planned manuscript; no execution claimed
book/14-stack-primitives.md,7d7e1996d1753118181d43e1a413960d3a1ec24b,whole document,https://github.com/delta9000/seed-forth/blob/7d7e1996d1753118181d43e1a413960d3a1ec24b/book/14-stack-primitives.md,seed-forth,S12,Decode stack and memory primitives against cached-TOS invariants.,S04;S11 -> S12,planned,No replacement manuscript coverage yet,No replacement manuscript coverage yet,No replacement manuscript coverage yet,All mapped teaching units and their practice/solutions,retain;rewrite,r@ peeks rather than balances the return stack; seed register conventions do not describe generated C.,planned manuscript; no execution claimed
book/15-arithmetic-and-logic.md,7d7e1996d1753118181d43e1a413960d3a1ec24b,whole document,https://github.com/delta9000/seed-forth/blob/7d7e1996d1753118181d43e1a413960d3a1ec24b/book/15-arithmetic-and-logic.md,seed-forth,S13,Explain arithmetic encodings and unsigned DIV from register state.,S03;S05;S12 -> S13,planned,No replacement manuscript coverage yet,No replacement manuscript coverage yet,No replacement manuscript coverage yet,All mapped teaching units and their practice/solutions,retain,Preserve implementation tradeoffs without claiming every byte choice is globally minimal.,planned manuscript; no execution claimed
book/16-io-emit-key-syscall6.md,7d7e1996d1753118181d43e1a413960d3a1ec24b,whole document,https://github.com/delta9000/seed-forth/blob/7d7e1996d1753118181d43e1a413960d3a1ec24b/book/16-io-emit-key-syscall6.md,seed-forth,S14,Trace the actual byte-I/O and syscall primitive implementation.,S07;S12 -> S14,planned,No replacement manuscript coverage yet,No replacement manuscript coverage yet,No replacement manuscript coverage yet,All mapped teaching units and their practice/solutions,retain;rewrite,State negative-read behavior and NUL/EOF sentinel limitations; do not generalize the happy path.,planned manuscript; no execution claimed
book/17-the-dictionary.md,7d7e1996d1753118181d43e1a413960d3a1ec24b,whole document,https://github.com/delta9000/seed-forth/blob/7d7e1996d1753118181d43e1a413960d3a1ec24b/book/17-the-dictionary.md,seed-forth,S15,"Trace dictionary identity, lookup, token input, and reporting.",S08;S11;S12;S14 -> S15,planned,No replacement manuscript coverage yet,No replacement manuscript coverage yet,No replacement manuscript coverage yet,All mapped teaching units and their practice/solutions,split,Give token input its own stopping point; demonstrate that old compiled calls do not retarget on name redefinition.,planned manuscript; no execution claimed
book/18-the-colon-compiler.md,7d7e1996d1753118181d43e1a413960d3a1ec24b,whole document,https://github.com/delta9000/seed-forth/blob/7d7e1996d1753118181d43e1a413960d3a1ec24b/book/18-the-colon-compiler.md,seed-forth,S16,Trace colon compilation and literal byte/return-address effects.,S06;S08;S15 -> S16,planned,No replacement manuscript coverage yet,No replacement manuscript coverage yet,No replacement manuscript coverage yet,All mapped teaching units and their practice/solutions,retain;bridge,"Separate defining, compiling, and runtime phases; inline operands are a seed convention.",planned manuscript; no execution claimed
book/19-branches-and-inline-cells.md,7d7e1996d1753118181d43e1a413960d3a1ec24b,whole document,https://github.com/delta9000/seed-forth/blob/7d7e1996d1753118181d43e1a413960d3a1ec24b/book/19-branches-and-inline-cells.md,seed-forth,S17,Trace conditional/unconditional branches and consumed inline slots.,S09;S12;S16 -> S17,planned,No replacement manuscript coverage yet,No replacement manuscript coverage yet,No replacement manuscript coverage yet,All mapped teaching units and their practice/solutions,retain;rewrite,Label state before and after ret correctly; avoid unmeasured performance claims.,planned manuscript; no execution claimed
book/20-number-parser-and-repl.md,7d7e1996d1753118181d43e1a413960d3a1ec24b,whole document,https://github.com/delta9000/seed-forth/blob/7d7e1996d1753118181d43e1a413960d3a1ec24b/book/20-number-parser-and-repl.md,seed-forth,S18;S19,Trace parser/REPL dispatch and finish an independent seed capstone.,S13;S15;S16;S17 -> S18 | S10;S11;S12;S13;S14;S15;S16;S17;S18 -> S19,planned,No replacement manuscript coverage yet,No replacement manuscript coverage yet,No replacement manuscript coverage yet,All mapped teaching units and their practice/solutions,retain;rewrite,Close the whole seed byte ledger and assumptions before offering the compiler volume.,planned manuscript; no execution claimed
book/21-arena-and-io-buffers.md,7d7e1996d1753118181d43e1a413960d3a1ec24b,whole document,https://github.com/delta9000/seed-forth/blob/7d7e1996d1753118181d43e1a413960d3a1ec24b/book/21-arena-and-io-buffers.md,c-compiler,C01;C02,"Follow compiler buffers, arena lifetime, and diagnostics on a recurring C input.",S10;S19 or equivalent entry bridge -> C01 | C01 -> C02,planned,No replacement manuscript coverage yet,No replacement manuscript coverage yet,No replacement manuscript coverage yet,All mapped teaching units and their practice/solutions,retain;split,Fix preprocessing-versus-lexer ownership; abandoned arena allocations still consume capacity.,planned manuscript; no execution claimed
book/22-the-preprocessor.md,7d7e1996d1753118181d43e1a413960d3a1ec24b,whole document,https://github.com/delta9000/seed-forth/blob/7d7e1996d1753118181d43e1a413960d3a1ec24b/book/22-the-preprocessor.md,c-compiler,C03;C04;C05,"Trace include ownership, macro expansion, conditional groups, and profile extensions.",C02 -> C03 | C03 -> C04 | C04 -> C05,planned,No replacement manuscript coverage yet,No replacement manuscript coverage yet,No replacement manuscript coverage yet,All mapped teaching units and their practice/solutions,split;rewrite,Separate implementation generations; align each comparison claim with its actual inputs and checker; keep macro-comment lookahead as an unresolved source concern.,planned manuscript; no execution claimed
book/23-the-lexer.md,7d7e1996d1753118181d43e1a413960d3a1ec24b,whole document,https://github.com/delta9000/seed-forth/blob/7d7e1996d1753118181d43e1a413960d3a1ec24b/book/23-the-lexer.md,c-compiler,C06,Produce and restore a complete token/lexer state.,C05 -> C06,planned,No replacement manuscript coverage yet,No replacement manuscript coverage yet,No replacement manuscript coverage yet,All mapped teaching units and their practice/solutions,retain;rewrite,Macros belong to preprocessing; replace already-implemented inline exercise and state permissive lexical limits.,planned manuscript; no execution claimed
book/24-types-and-symbols.md,7d7e1996d1753118181d43e1a413960d3a1ec24b,whole document,https://github.com/delta9000/seed-forth/blob/7d7e1996d1753118181d43e1a413960d3a1ec24b/book/24-types-and-symbols.md,c-compiler,C07;C08,"Explain stable type descriptors, symbol identity, and scope.",C02 -> C07 | C07 -> C08,planned,No replacement manuscript coverage yet,No replacement manuscript coverage yet,No replacement manuscript coverage yet,All mapped teaching units and their practice/solutions,split;rewrite,Synchronize recap and capacity claims with the pinned layout; replace already-implemented array-type exercise.,planned manuscript; no execution claimed
book/25-elf-and-codegen-part-1.md,7d7e1996d1753118181d43e1a413960d3a1ec24b,whole document,https://github.com/delta9000/seed-forth/blob/7d7e1996d1753118181d43e1a413960d3a1ec24b/book/25-elf-and-codegen-part-1.md,c-compiler,C09,Derive emitted instruction bytes and executable address calculations.,C02;S11 -> C09,planned,No replacement manuscript coverage yet,No replacement manuscript coverage yet,No replacement manuscript coverage yet,All mapped teaching units and their practice/solutions,retain;bridge,Teach representative encoders first; fixed frames and width choices need profile labels.,planned manuscript; no execution claimed
book/26-codegen-part-2.md,7d7e1996d1753118181d43e1a413960d3a1ec24b,whole document,https://github.com/delta9000/seed-forth/blob/7d7e1996d1753118181d43e1a413960d3a1ec24b/book/26-codegen-part-2.md,c-compiler,C10;C11,"Trace forward addresses, runtime shims, literals, globals, and BSS.",C08;C09 -> C10 | C09;C10;S07 -> C11,planned,No replacement manuscript coverage yet,No replacement manuscript coverage yet,No replacement manuscript coverage yet,All mapped teaching units and their practice/solutions,split;rewrite,Document bounded allocation/putchar behavior accurately; remove already-implemented escape exercise.,planned manuscript; no execution claimed
book/27-expressions-part-1.md,7d7e1996d1753118181d43e1a413960d3a1ec24b,whole document,https://github.com/delta9000/seed-forth/blob/7d7e1996d1753118181d43e1a413960d3a1ec24b/book/27-expressions-part-1.md,c-compiler,C12,"Trace precedence, associativity, and short-circuit lowering.",C06;C07;C10 -> C12,planned,No replacement manuscript coverage yet,No replacement manuscript coverage yet,No replacement manuscript coverage yet,All mapped teaching units and their practice/solutions,retain;bridge,Retain recurring tri.c input; include native metadata preservation when the extension is introduced.,planned manuscript; no execution claimed
book/28-expressions-part-2.md,7d7e1996d1753118181d43e1a413960d3a1ec24b,whole document,https://github.com/delta9000/seed-forth/blob/7d7e1996d1753118181d43e1a413960d3a1ec24b/book/28-expressions-part-2.md,c-compiler,C13;C14,"Trace lvalue identity, materialization, postfix operations, and assignment.",C08;C12 -> C13 | C13 -> C14,planned,No replacement manuscript coverage yet,No replacement manuscript coverage yet,No replacement manuscript coverage yet,All mapped teaching units and their practice/solutions,split;rewrite,Exercises must not ask to add existing array/field increments or dereference compound assignment; distinguish current metadata from old four-state shorthand.,planned manuscript; no execution claimed
book/29-declarations-types-globals.md,7d7e1996d1753118181d43e1a413960d3a1ec24b,whole document,https://github.com/delta9000/seed-forth/blob/7d7e1996d1753118181d43e1a413960d3a1ec24b/book/29-declarations-types-globals.md,c-compiler,C15,Parse declarations and recursive records with explicit storage/visibility rules.,C07;C08;C14 -> C15,planned,No replacement manuscript coverage yet,No replacement manuscript coverage yet,No replacement manuscript coverage yet,All mapped teaching units and their practice/solutions,retain;rewrite,Scope extern/cast assertions by profile; give mutual-recursion exercise complete fields and token-aware lookahead.,planned manuscript; no execution claimed
book/30-statements-if-while-for-return.md,7d7e1996d1753118181d43e1a413960d3a1ec24b,whole document,https://github.com/delta9000/seed-forth/blob/7d7e1996d1753118181d43e1a413960d3a1ec24b/book/30-statements-if-while-for-return.md,c-compiler,C16;C17,"Explain control-flow fixup ownership through loops, switches, and labels.",C09;C12;C15 -> C16 | C16 -> C17,planned,No replacement manuscript coverage yet,No replacement manuscript coverage yet,No replacement manuscript coverage yet,All mapped teaching units and their practice/solutions,split;rewrite,The for scan uses tokens; do not collapse if and switch control state; qualify native goto behavior.,planned manuscript; no execution claimed
book/31-functions-and-scope.md,7d7e1996d1753118181d43e1a413960d3a1ec24b,whole document,https://github.com/delta9000/seed-forth/blob/7d7e1996d1753118181d43e1a413960d3a1ec24b/book/31-functions-and-scope.md,c-compiler,C18;C19,"Assemble functions, calls, globals, and process entry under a named profile.",C08;C10;C14;C15;C17 -> C18 | C11;C18 -> C19,planned,No replacement manuscript coverage yet,No replacement manuscript coverage yet,No replacement manuscript coverage yet,All mapped teaching units and their practice/solutions,split;rewrite,Balanced pushes do not ensure every nested call is aligned; distinguish private native calls and dynamic frames.,planned manuscript; no execution claimed
book/32-main-and-bootstrap-chain.md,7d7e1996d1753118181d43e1a413960d3a1ec24b,whole document,https://github.com/delta9000/seed-forth/blob/7d7e1996d1753118181d43e1a413960d3a1ec24b/book/32-main-and-bootstrap-chain.md,c-compiler;all,C20;R-lineage,Follow the end-to-end compiler and exact Stage-A M1 comparison.,C19 -> C20 | S00;C20;C24;G25;K08 -> R-lineage,planned,No replacement manuscript coverage yet,No replacement manuscript coverage yet,No replacement manuscript coverage yet,All mapped teaching units and their practice/solutions,retain;rewrite,"Identify compared artifacts, selected input, and load order with executing main last; equality is not a universal correctness proof.",planned manuscript; no execution claimed
book/33-the-assembler.md,7d7e1996d1753118181d43e1a413960d3a1ec24b,whole document,https://github.com/delta9000/seed-forth/blob/7d7e1996d1753118181d43e1a413960d3a1ec24b/book/33-the-assembler.md,c-compiler,C21;C22,"Explain M1 expansion, two-pass invariants, sigils, and the assembler handoff.",C02;C06;S10 -> C21 | C20;C21 -> C22,planned,No replacement manuscript coverage yet,No replacement manuscript coverage yet,No replacement manuscript coverage yet,All mapped teaching units and their practice/solutions,split;retain,Separate parsing from placement; state write/close and pre-existing-output limits.,planned manuscript; no execution claimed
book/34-direct-tinycc.md,7d7e1996d1753118181d43e1a413960d3a1ec24b,whole document,https://github.com/delta9000/seed-forth/blob/7d7e1996d1753118181d43e1a413960d3a1ec24b/book/34-direct-tinycc.md,c-compiler,C23;C24,Trace direct TinyCC storage/calls/initializers and bounded-runtime closure.,C15;C18;C20 -> C23 | C22;C23 -> C24,planned,No replacement manuscript coverage yet,No replacement manuscript coverage yet,No replacement manuscript coverage yet,All mapped teaching units and their practice/solutions,split;rewrite,Keep seed floating transport distinct from rebuilt TinyCC arithmetic and preserve source-preparation provenance.,planned manuscript; no execution claimed
book/35-direct-gcc-objects.md,7d7e1996d1753118181d43e1a413960d3a1ec24b,whole document,https://github.com/delta9000/seed-forth/blob/7d7e1996d1753118181d43e1a413960d3a1ec24b/book/35-direct-gcc-objects.md,gcc-toolchain,G01;G02,Construct a relocatable object and explain stable symbol and section identities.,C24 or equivalent entry bridge -> G01 | G01 -> G02,planned,No replacement manuscript coverage yet,No replacement manuscript coverage yet,No replacement manuscript coverage yet,All mapped teaching units and their practice/solutions,retain;bridge,Add a complete two-object example; keep chronological capacity changes outside the core derivation.,planned manuscript; no execution claimed
book/36-direct-gcc-calls.md,7d7e1996d1753118181d43e1a413960d3a1ec24b,whole document,https://github.com/delta9000/seed-forth/blob/7d7e1996d1753118181d43e1a413960d3a1ec24b/book/36-direct-gcc-calls.md,gcc-toolchain,G03;G04,"Trace signatures, pointer/array shape, and System V scalar calls.",G02;C07;C15 -> G03 | G03;C18 -> G04,planned,No replacement manuscript coverage yet,No replacement manuscript coverage yet,No replacement manuscript coverage yet,All mapped teaching units and their practice/solutions,split;rewrite,Unbundle declarations from ABI; reconcile ranked-array limits and label long long as an extension rather than ISO C90.,planned manuscript; no execution claimed
book/37-direct-gcc-linker.md,7d7e1996d1753118181d43e1a413960d3a1ec24b,whole document,https://github.com/delta9000/seed-forth/blob/7d7e1996d1753118181d43e1a413960d3a1ec24b/book/37-direct-gcc-linker.md,gcc-toolchain,G05,Validate and relocate independent objects before publishing an executable.,G02 -> G05,planned,No replacement manuscript coverage yet,No replacement manuscript coverage yet,No replacement manuscript coverage yet,All mapped teaching units and their practice/solutions,retain;rewrite,Retain bounded ELF contract; investigate close-state cleanup separately rather than reporting a reproduced failure.,planned manuscript; no execution claimed
book/38-direct-gcc-runtime.md,7d7e1996d1753118181d43e1a413960d3a1ec24b,whole document,https://github.com/delta9000/seed-forth/blob/7d7e1996d1753118181d43e1a413960d3a1ec24b/book/38-direct-gcc-runtime.md,gcc-toolchain,G06,"Specify C-to-Linux calls, process startup, and runtime control helpers.",G04;G05 -> G06,planned,No replacement manuscript coverage yet,No replacement manuscript coverage yet,No replacement manuscript coverage yet,All mapped teaching units and their practice/solutions,split;bridge,"Give syscall, alloca/frame, signal-return, and nonlocal-return mechanisms separate contracts and a sixth-argument trace.",planned manuscript; no execution claimed
book/39-direct-gcc-libc.md,7d7e1996d1753118181d43e1a413960d3a1ec24b,whole document,https://github.com/delta9000/seed-forth/blob/7d7e1996d1753118181d43e1a413960d3a1ec24b/book/39-direct-gcc-libc.md,gcc-toolchain,G07,"Explain allocation extent, failure preservation, byte operations, and process interfaces.",G06 -> G07,planned,No replacement manuscript coverage yet,No replacement manuscript coverage yet,No replacement manuscript coverage yet,All mapped teaching units and their practice/solutions,retain;rewrite,Add a compact source excerpt; move appended mapping/process material into the mechanism it belongs to.,planned manuscript; no execution claimed
book/40-direct-gcc-target.md,7d7e1996d1753118181d43e1a413960d3a1ec24b,whole document,https://github.com/delta9000/seed-forth/blob/7d7e1996d1753118181d43e1a413960d3a1ec24b/book/40-direct-gcc-target.md,gcc-toolchain,G08,Explain target-header selection and honest feature advertising.,G03;C05 -> G08,planned,No replacement manuscript coverage yet,No replacement manuscript coverage yet,No replacement manuscript coverage yet,All mapped teaching units and their practice/solutions,move;expand,Use an interlude with a concrete header branch; connect location-macro details back to preprocessing.,planned manuscript; no execution claimed
book/41-direct-gcc-constants.md,7d7e1996d1753118181d43e1a413960d3a1ec24b,whole document,https://github.com/delta9000/seed-forth/blob/7d7e1996d1753118181d43e1a413960d3a1ec24b/book/41-direct-gcc-constants.md,gcc-toolchain,G09,Evaluate typed constants and carry symbolic addresses to relocations.,G03;G02;C14 -> G09,planned,No replacement manuscript coverage yet,No replacement manuscript coverage yet,No replacement manuscript coverage yet,All mapped teaching units and their practice/solutions,retain;rewrite,Remove stale array-address rejection; state signed-operation policy and show full record transitions.,planned manuscript; no execution claimed
book/42-direct-gcc-varargs.md,7d7e1996d1753118181d43e1a413960d3a1ec24b,whole document,https://github.com/delta9000/seed-forth/blob/7d7e1996d1753118181d43e1a413960d3a1ec24b/book/42-direct-gcc-varargs.md,gcc-toolchain,G12;G15,Walk independent register cursors and a shared overflow area for variadic values.,G04;G10 -> G12 | G04;G10;G12;G14 -> G15,planned,No replacement manuscript coverage yet,No replacement manuscript coverage yet,No replacement manuscript coverage yet,All mapped teaching units and their practice/solutions,split;move,Teach scalar planner and floating classes before their use; keep X87 details with aggregate transport.,planned manuscript; no execution claimed
book/43-direct-gcc-stdio.md,7d7e1996d1753118181d43e1a413960d3a1ec24b,whole document,https://github.com/delta9000/seed-forth/blob/7d7e1996d1753118181d43e1a413960d3a1ec24b/book/43-direct-gcc-stdio.md,gcc-toolchain,G13,"Trace stream state, partial-object writes, and bounded formatting.",G07;G12 -> G13,planned,No replacement manuscript coverage yet,No replacement manuscript coverage yet,No replacement manuscript coverage yet,All mapped teaching units and their practice/solutions,retain;rewrite,Put setbuf rejection with supported behavior; separate real-kernel and injected-failure evidence.,planned manuscript; no execution claimed
book/44-direct-gcc-archives.md,7d7e1996d1753118181d43e1a413960d3a1ec24b,whole document,https://github.com/delta9000/seed-forth/blob/7d7e1996d1753118181d43e1a413960d3a1ec24b/book/44-direct-gcc-archives.md,gcc-toolchain,G16,Create and scan indexed archives with lazy member selection.,G02;G05 -> G16,planned,No replacement manuscript coverage yet,No replacement manuscript coverage yet,No replacement manuscript coverage yet,All mapped teaching units and their practice/solutions,retain;bridge,Show reverse dependencies and repeated archive arguments; a structurally valid index is not necessarily complete.,planned manuscript; no execution claimed
book/45-direct-gcc-binary64.md,7d7e1996d1753118181d43e1a413960d3a1ec24b,whole document,https://github.com/delta9000/seed-forth/blob/7d7e1996d1753118181d43e1a413960d3a1ec24b/book/45-direct-gcc-binary64.md,gcc-toolchain,G10,"Predict floating payloads, numeric conversions, and arithmetic boundaries.",G04;G09 -> G10,planned,No replacement manuscript coverage yet,No replacement manuscript coverage yet,No replacement manuscript coverage yet,All mapped teaching units and their practice/solutions,move;retain,Put required representation before floating varargs; teach sticky-half conversion with a counterexample.,planned manuscript; no execution claimed
book/46-direct-gcc-float-literals.md,7d7e1996d1753118181d43e1a413960d3a1ec24b,whole document,https://github.com/delta9000/seed-forth/blob/7d7e1996d1753118181d43e1a413960d3a1ec24b/book/46-direct-gcc-float-literals.md,gcc-toolchain,G11,Derive exact decimal-to-binary64 rounding.,G10 -> G11,planned,No replacement manuscript coverage yet,No replacement manuscript coverage yet,No replacement manuscript coverage yet,All mapped teaching units and their practice/solutions,retain;expand,Add complete exact/inexact traces and a subnormal tie exercise; predicted bits remain predictions until run.,planned manuscript; no execution claimed
book/47-direct-gcc-bitfields.md,7d7e1996d1753118181d43e1a413960d3a1ec24b,whole document,https://github.com/delta9000/seed-forth/blob/7d7e1996d1753118181d43e1a413960d3a1ec24b/book/47-direct-gcc-bitfields.md,gcc-toolchain,G03;G14,Preserve neighboring record bits and array descriptor identity.,G02;C07;C15 -> G03 | G03;G09;C13 -> G14,planned,No replacement manuscript coverage yet,No replacement manuscript coverage yet,No replacement manuscript coverage yet,All mapped teaching units and their practice/solutions,split;move,Keep ranked arrays with descriptor teaching; add a bit-numbered mask/store trace.,planned manuscript; no execution claimed
book/48-direct-gcc-aggregate-abi.md,7d7e1996d1753118181d43e1a413960d3a1ec24b,whole document,https://github.com/delta9000/seed-forth/blob/7d7e1996d1753118181d43e1a413960d3a1ec24b/book/48-direct-gcc-aggregate-abi.md,gcc-toolchain,G04;G15,"Plan scalar and aggregate arguments, results, snapshots, and X87 transport.",G03;C18 -> G04 | G04;G10;G12;G14 -> G15,planned,No replacement manuscript coverage yet,No replacement manuscript coverage yet,No replacement manuscript coverage yet,All mapped teaching units and their practice/solutions,split;rewrite,Move shared planner earlier; do not promise 16-byte long-double placement until the static alignment concern is resolved.,planned manuscript; no execution claimed
book/49-direct-gcc-cc1.md,7d7e1996d1753118181d43e1a413960d3a1ec24b,whole document,https://github.com/delta9000/seed-forth/blob/7d7e1996d1753118181d43e1a413960d3a1ec24b/book/49-direct-gcc-cc1.md,gcc-toolchain,G17;G18;G19,"Track the frozen census, source generators, cc1 link, and scoped execution tests.",G05;G07;G08;G09;G11;G13;G15;G16 -> G17 | G17 -> G18 | G18 -> G19,planned,No replacement manuscript coverage yet,No replacement manuscript coverage yet,No replacement manuscript coverage yet,All mapped teaching units and their practice/solutions,retain;split;extend,Keep cc1 as a milestone; repair stale branch links and continue into downstream Stage C/D closure.,planned manuscript; no execution claimed
book/A1-32-seed-primitives.md,7d7e1996d1753118181d43e1a413960d3a1ec24b,whole document,https://github.com/delta9000/seed-forth/blob/7d7e1996d1753118181d43e1a413960d3a1ec24b/book/A1-32-seed-primitives.md,seed-forth,R-primitives;S19,Look up each primitive contract and connect it to an audited code site.,S01;S19 -> R-primitives | S10;S11;S12;S13;S14;S15;S16;S17;S18 -> S19,planned,No replacement manuscript coverage yet,No replacement manuscript coverage yet,No replacement manuscript coverage yet,All mapped teaching units and their practice/solutions,retain;move,A chosen 32-primitive boundary is not a minimality theorem.,planned manuscript; no execution claimed
book/A2-memory-map.md,7d7e1996d1753118181d43e1a413960d3a1ec24b,whole document,https://github.com/delta9000/seed-forth/blob/7d7e1996d1753118181d43e1a413960d3a1ec24b/book/A2-memory-map.md,all,R-memory,"Locate addresses by profile, owner, allocation, and lifetime.",S02;C02;G07 -> R-memory,planned,No replacement manuscript coverage yet,No replacement manuscript coverage yet,No replacement manuscript coverage yet,All mapped teaching units and their practice/solutions,split;rewrite,Provide volume-local maps; distinguish nominal from exact addresses and reconcile direct-GCC storage sizes.,planned manuscript; no execution claimed
book/A3-reproducibility-chain.md,7d7e1996d1753118181d43e1a413960d3a1ec24b,whole document,https://github.com/delta9000/seed-forth/blob/7d7e1996d1753118181d43e1a413960d3a1ec24b/book/A3-reproducibility-chain.md,c-compiler;gcc-toolchain;kernels-linux;all,C20;C22;C24;G25;K08;R-lineage,"Trace each producer, input, artifact, comparison, and trust boundary separately.",C19 -> C20 | C20;C21 -> C22 | C22;C23 -> C24 | G24 -> G25 | K07 -> K08 | S00;C20;C24;G25;K08 -> R-lineage,planned,No replacement manuscript coverage yet,No replacement manuscript coverage yet,No replacement manuscript coverage yet,All mapped teaching units and their practice/solutions,split;rewrite;extend,"Keep M2/pnut/TinyCC/gcc64/historical kernel lineages separate from direct-GCC; update stale preprocessor rationale; M1 equality is sufficient under fixed assembly inputs, not equivalent to ELF equality.",planned manuscript; no execution claimed
book/A4-worked-exercises.md,7d7e1996d1753118181d43e1a413960d3a1ec24b,whole document,https://github.com/delta9000/seed-forth/blob/7d7e1996d1753118181d43e1a413960d3a1ec24b/book/A4-worked-exercises.md,seed-forth;c-compiler;all,S09;S16;C12;R-solutions,"Use worked conditional-exit, colon-return, and associativity traces as feedback after an attempt.",S03;S04;S06;S08 -> S09 | S06;S08;S15 -> S16 | C06;C07;C10 -> C12 | relevant unit objective -> R-solutions,planned,No replacement manuscript coverage yet,No replacement manuscript coverage yet,No replacement manuscript coverage yet,All mapped teaching units and their practice/solutions,split;expand;rewrite,Distribute solutions near their objectives; repair incomplete compiler input setup and distinguish Forth registers from generated-C registers.,planned manuscript; no execution claimed
book/A5-further-reading.md,7d7e1996d1753118181d43e1a413960d3a1ec24b,whole document,https://github.com/delta9000/seed-forth/blob/7d7e1996d1753118181d43e1a413960d3a1ec24b/book/A5-further-reading.md,all,R-reading,"Find the relevant pinned implementation, specification, or historical explanation.",relevant unit objective -> R-reading,planned,No replacement manuscript coverage yet,No replacement manuscript coverage yet,No replacement manuscript coverage yet,All mapped teaching units and their practice/solutions,split;rewrite,Use durable direct links and named ABI/spec versions; retain purposeful reading routes.,planned manuscript; no execution claimed
book/A6-c-subset.md,7d7e1996d1753118181d43e1a413960d3a1ec24b,whole document,https://github.com/delta9000/seed-forth/blob/7d7e1996d1753118181d43e1a413960d3a1ec24b/book/A6-c-subset.md,c-compiler;gcc-toolchain,R-c-subsets,"Determine accepted, rejected, or bounded behavior under the exact compiler profile.",C01;C23;G01 -> R-c-subsets,planned,No replacement manuscript coverage yet,No replacement manuscript coverage yet,No replacement manuscript coverage yet,All mapped teaching units and their practice/solutions,split;rewrite,"Keep separate legacy, native TinyCC, and direct-GCC contracts; accepted does not imply correctly implemented.",planned manuscript; no execution claimed
book/A7-error-codes.md,7d7e1996d1753118181d43e1a413960d3a1ec24b,whole document,https://github.com/delta9000/seed-forth/blob/7d7e1996d1753118181d43e1a413960d3a1ec24b/book/A7-error-codes.md,all,R-errors,Trace a profile-scoped error code through phase and check to its cause.,S15;C02;G17 -> R-errors,planned,No replacement manuscript coverage yet,No replacement manuscript coverage yet,No replacement manuscript coverage yet,All mapped teaching units and their practice/solutions,split;rewrite,Synchronize line-control wording and source sites; reused numeric codes need profile/phase scope.,planned manuscript; no execution claimed
book/CONCEPTS.md,7d7e1996d1753118181d43e1a413960d3a1ec24b,whole document,https://github.com/delta9000/seed-forth/blob/7d7e1996d1753118181d43e1a413960d3a1ec24b/book/CONCEPTS.md,all,N-concepts,"Navigate first use, revisits, and conceptual prerequisite edges.",unit ledger -> N-concepts,partial,LEARNING-PATH.md first-unit graph; COVERAGE.md planned full-unit dependency ledger,LEARNING-PATH.md first and second unit graphs; COVERAGE.md planned full-unit dependency ledger,LEARNING-PATH.md three-unit route; COVERAGE.md full-unit dependency ledger and 63-definition/11-constant library register,"Complete per-term first-use/revisit index, advanced profile reconciliation, and all manuscript links",rewrite,Replace source-order assumptions and stale frame/descriptor/profile assertions; index all planned volumes without calling them written.,draft navigator/editorial plan; no execution or complete prose migration claimed
book/GLOSSARY.md,7d7e1996d1753118181d43e1a413960d3a1ec24b,whole document,https://github.com/delta9000/seed-forth/blob/7d7e1996d1753118181d43e1a413960d3a1ec24b/book/GLOSSARY.md,all,N-glossary,Recover a definition with its profile and first taught example.,unit ledger -> N-glossary,planned,No replacement manuscript coverage yet,No replacement manuscript coverage yet,No replacement manuscript coverage yet,All mapped teaching units and their practice/solutions,rewrite,Reconcile terms with chapter mechanisms; no undefined-obviousness rule or stale ABI/frame definitions.,planned manuscript; no execution claimed
book/LEARNING_STORY_PLAN.md,7d7e1996d1753118181d43e1a413960d3a1ec24b,whole document,https://github.com/delta9000/seed-forth/blob/7d7e1996d1753118181d43e1a413960d3a1ec24b/book/LEARNING_STORY_PLAN.md,all,N-editorial,Read the edition's learning contract and outcome-based revision policy.,entry -> N-editorial,partial,LEARNING-PATH.md first-unit outcomes/practice design; COVERAGE.md provisional architecture,LEARNING-PATH.md six-chapter outcomes/practice design; COVERAGE.md provisional architecture and cumulative scope,"LEARNING-PATH.md ten-chapter objectives/practice; COVERAGE.md architecture, milestone history and cumulative debt","Volume-specific learning contracts, learner checks, and complete edition-wide manuscript reconciliation",rewrite,Preserve useful instructional goals without importing obsolete rollout state or treating a proxy read-through as a learner study.,draft navigator/editorial plan; no execution or complete prose migration claimed
book/README.md,7d7e1996d1753118181d43e1a413960d3a1ec24b,whole document,https://github.com/delta9000/seed-forth/blob/7d7e1996d1753118181d43e1a413960d3a1ec24b/book/README.md,all,N-reading,Choose the right volume and know its entry contract and actual completion boundary.,entry -> N-reading,partial,README.md and seed-forth/README.md reader entrances and first-milestone status,README.md and seed-forth/README.md entrances and current six-chapter status,Reader entrances and current ten-chapter library-level draft status,"Complete independent-volume entry packages, execution setup, and all-volume reader navigation",rewrite,Remove stale chapter counts and unfinished-GCC endpoint; separate optional run routes and evidence status.,draft navigator/editorial plan; no execution or complete prose migration claimed
book/SUMMARY.md,7d7e1996d1753118181d43e1a413960d3a1ec24b,whole document,https://github.com/delta9000/seed-forth/blob/7d7e1996d1753118181d43e1a413960d3a1ec24b/book/SUMMARY.md,all,N-reading,Follow complete new navigation and locate the canonical source correspondence.,entry -> N-reading,partial,README.md and LEARNING-PATH.md links to the first three manuscripts,README.md and LEARNING-PATH.md routes through six manuscripts and separate practice,"Routes through ten manuscripts, separate feedback, and three mixed return checks",Complete new-book table of contents with all written destinations; planned ledger is not a completed contents tree,rewrite,Only link existing manuscripts as chapters; planned units must remain visibly planned.,draft navigator/editorial plan; no execution or complete prose migration claimed
book/WORD-INDEX.md,7d7e1996d1753118181d43e1a413960d3a1ec24b,whole document,https://github.com/delta9000/seed-forth/blob/7d7e1996d1753118181d43e1a413960d3a1ec24b/book/WORD-INDEX.md,all,N-source,Find symbols at the pinned source and owning teaching unit.,unit ledger -> N-source,planned,No replacement manuscript coverage yet,No replacement manuscript coverage yet,No replacement manuscript coverage yet,All mapped teaching units and their practice/solutions,retain;regenerate,Keep generated source navigation distinct from a claim of migrated prose; generation requires an explicit new-edition input set.,planned manuscript; no execution claimed
book/WRITING.md,7d7e1996d1753118181d43e1a413960d3a1ec24b,whole document,https://github.com/delta9000/seed-forth/blob/7d7e1996d1753118181d43e1a413960d3a1ec24b/book/WRITING.md,all,N-editorial,"Apply consistent edition, evidence, excerpt, and example conventions.",entry -> N-editorial,partial,EDITION.md evidence/source contract; COVERAGE.md excerpt and synchronization policy,EDITION.md evidence/source contract; COVERAGE.md excerpt and synchronization policy,EDITION.md evidence/source contract; COVERAGE.md excerpt and synchronization policy,Full release/documentation maintenance guidance for later volumes; canonical tangle rules remain in their original home,rewrite,Keep canonical tangle instructions with canonical book; the new teaching manuscripts do not claim source ownership.,draft navigator/editorial plan; no execution or complete prose migration claimed
book/where-this-fits.md,7d7e1996d1753118181d43e1a413960d3a1ec24b,whole document,https://github.com/delta9000/seed-forth/blob/7d7e1996d1753118181d43e1a413960d3a1ec24b/book/where-this-fits.md,seed-forth;all,S00;R-lineage,Place each route in its historical context and compare exact claims.,entry -> S00 | S00;C20;C24;G25;K08 -> R-lineage,planned,No replacement manuscript coverage yet,No replacement manuscript coverage yet,No replacement manuscript coverage yet,All mapped teaching units and their practice/solutions,rewrite;split,"Remove universal-divergence rhetoric; direct-GCC, gcc64 ladder, and kernel experiments have distinct provenance.",planned manuscript; no execution claimed
book/playground.fth,7d7e1996d1753118181d43e1a413960d3a1ec24b,whole document,https://github.com/delta9000/seed-forth/blob/7d7e1996d1753118181d43e1a413960d3a1ec24b/book/playground.fth,seed-forth,R-playground,Use a named compatibility profile only for supported snippets.,S01;S05;S08;S09 -> R-playground,planned,No replacement manuscript coverage yet,No replacement manuscript coverage yet,No replacement manuscript coverage yet,All mapped teaching units and their practice/solutions,retain-by-link;rewrite-guidance,"Do not present gforth as the seed or load all of 010-lib.fth under the shim; division, immediacy, and code emission differ.",planned manuscript; no execution claimed
000-seed.hex0,7d7e1996d1753118181d43e1a413960d3a1ec24b,whole document,https://github.com/delta9000/seed-forth/blob/7d7e1996d1753118181d43e1a413960d3a1ec24b/000-seed.hex0,seed-forth,S11;S12;S13;S14;S15;S16;S17;S18;S19,Connect every seed mechanism to the pinned byte source.,S02;S06 -> S11 | S04;S11 -> S12 | S03;S05;S12 -> S13 | S07;S12 -> S14 | S08;S11;S12;S14 -> S15 | S06;S08;S15 -> S16 | S09;S12;S16 -> S17 | S13;S15;S16;S17 -> S18 | S10;S11;S12;S13;S14;S15;S16;S17;S18 -> S19,planned,No replacement manuscript coverage yet,"Selected primitive contracts support S1–S6, including S4 return-call handling; the listed full-byte-audit destinations are not yet drafted",Selected primitive/dispatch/dictionary/call/literal/branch contracts support S01–S10; full S11–S19 audit is not drafted,All mapped teaching units and their practice/solutions,retain-by-link,No source edits or tangle ownership transfer; the early primitive contracts do not constitute a complete byte audit.,planned manuscript; no execution claimed
010-lib.fth,7d7e1996d1753118181d43e1a413960d3a1ec24b,All 63 colon definitions and 11 constant-created names; see COVERAGE.md#library-definition-register for individual teaching homes,https://github.com/delta9000/seed-forth/blob/7d7e1996d1753118181d43e1a413960d3a1ec24b/010-lib.fth,seed-forth,S01;S02;S03;S04;S05;S06;S07;S08;S09;S10,Connect library contracts and definitions to their exact source symbols.,entry -> S01 | S01 -> S02 | S01 -> S03 | S01;S03 -> S04 | S03;S04 -> S05 | S02;S03;S04 -> S06 | S02;S03;S04;S05 -> S07 | S02;S06 -> S08 | S03;S04;S06;S08 -> S09 | S02;S04;S05;S06;S08;S09 -> S10,partial,"S1–S3 selected contracts: explicit literals/composition, here-addr/c,, and/or and modular subtraction; not a full-library walkthrough","Selected contracts/definitions in S1–S6: here-addr/c,; and/or/subtraction; over/nip/rot/2dup/2drop; comparisons/classifiers; +!/-!/,4/,8","All 63 colon definitions and 11 constant-created names have draft homes in COVERAGE.md#library-definition-register, across S02–S10; S01 supplies entry contracts","Remaining original practice/source reconciliation; actual full-library loading, integration and new-example execution; full supporting seed-byte audit; no claim every historical detail migrated",retain-by-link,"Every colon definition has an accountable draft teaching home; this is not a full byte audit, complete old-practice migration, or an executed library acceptance record.",draft; source-inspected; manually traced; new manuscript examples unexecuted; canonical CI recorded separately
gcc-direct/README.md,7d7e1996d1753118181d43e1a413960d3a1ec24b,Measured original configure runs; Binutils stage-B build; Driver toolchain on our binutils; Stage C; Recorded parser-generator recipe; Stage D,https://github.com/delta9000/seed-forth/blob/7d7e1996d1753118181d43e1a413960d3a1ec24b/gcc-direct/README.md,gcc-toolchain,G17;G18;G20;G21;G22;G23;G25,Teach the recorded progression from configured source through freestanding and hosted toolchains to the Stage-D comparison.,G05;G07;G08;G09;G11;G13;G15;G16 -> G17 | G17 -> G18 | G18 -> G20 | G20 -> G21 | G21 -> G22 | G22 -> G23 | G24 -> G25,planned,No replacement manuscript coverage yet,No replacement manuscript coverage yet,No replacement manuscript coverage yet,All mapped teaching units and their practice/solutions,new-teaching-ending,Operator documentation contains old progress paragraphs as well as later milestones; preserve chronology and scope rather than merging them.,planned manuscript; no execution claimed
runtime/gcc-seed/SORT.md,7d7e1996d1753118181d43e1a413960d3a1ec24b,Why musl's algorithm; Algorithm and contract; Verification and provenance,https://github.com/delta9000/seed-forth/blob/7d7e1996d1753118181d43e1a413960d3a1ec24b/runtime/gcc-seed/SORT.md,gcc-toolchain,G24,Explain the recorded qsort tie-order change and byte-identity consequence.,G23 -> G24,planned,No replacement manuscript coverage yet,No replacement manuscript coverage yet,No replacement manuscript coverage yet,All mapped teaching units and their practice/solutions,new-teaching-unit,Equivalent generated choices may have different bytes; musl smoothsort is not being claimed generally stable.,planned manuscript; no execution claimed
README.md,7d7e1996d1753118181d43e1a413960d3a1ec24b,Direct TinyCC route and kernel handoff status,https://github.com/delta9000/seed-forth/blob/7d7e1996d1753118181d43e1a413960d3a1ec24b/README.md,all;kernels-linux,R-lineage;K01;K08,Keep earlier TinyCC/kernel experiments and pending Linux validation separate from a future direct-GCC kernel route.,S00;C20;C24;G25;K08 -> R-lineage | G25 -> K01 | K07 -> K08,planned,No replacement manuscript coverage yet,No replacement manuscript coverage yet,No replacement manuscript coverage yet,All mapped teaching units and their practice/solutions,historical-context-only,Historical K0/K1 or ladder reports do not establish current direct-GCC-to-Linux completion.,planned manuscript; no execution claimed
