unit,title,milestones,first_reading_role,first_session,retained_depth,manuscript_status,chapter_path,route_status
S00,Why inspect a seed?,Preview,orientation,See the five destinations and distinguish source evidence from a new run,"Full seed motivation, provenance and trust discussion",drafted,seed-forth/chapters/00-why-inspect-a-seed.md,existing paper material; FIRST-RESULTS H1/H2 paper entrance available; operational setup and observed fixtures pending
S01,Values and words,H1,main_story,FIRST-RESULTS supplies H1 stack/word/output entrance; S1 opens composition and its complete depth,Boundary exercises and alternate arithmetic cases,drafted,seed-forth/chapters/01-values-and-words.md,existing paper material; FIRST-RESULTS H1/H2 paper entrance available; operational setup and observed fixtures pending
S02,Addresses and bytes,H1;H2;H3,bridge,H1 storage bridge; H2/H3 coordinate prerequisite,"Complete c,/cursor-indirection derivation",drafted,seed-forth/chapters/02-addresses-and-bytes.md,existing paper material; FIRST-RESULTS H1/H2 paper entrance available; operational setup and observed fixtures pending
S03,Bits and subtraction,H2,bridge,"Bridge before a width, mask or displacement first needs it",Full nand-derived logic and modular arithmetic route,drafted,seed-forth/chapters/03-bits-and-subtraction.md,existing paper material; FIRST-RESULTS H1/H2 paper entrance available; operational setup and observed fixtures pending
S04,Two stacks and reusable shuffles,H2,bridge,Local ownership/shuffle contracts for Forth source reading,Full two-stack internals and XOR application,drafted,seed-forth/chapters/04-return-stack-and-shuffles.md,existing paper material; FIRST-RESULTS H1/H2 paper entrance available; operational setup and observed fixtures pending
S05,Comparisons and character classes,H1,bridge,Needed byte/flag contracts at H1 and later parsing,Bounded-order and character-class implementation,drafted,seed-forth/chapters/05-comparisons-and-characters.md,existing paper material; FIRST-RESULTS H1/H2 paper entrance available; operational setup and observed fixtures pending
S06,Memory updates and little-endian writers,H2;H3,bridge,Byte/field-width bridge at H2/H3,Complete writer and read-modify-write derivations,drafted,seed-forth/chapters/06-memory-updates-and-writers.md,existing paper material; FIRST-RESULTS H1/H2 paper entrance available; operational setup and observed fixtures pending
S07,Calling Linux through a contract,H1;H2,bridge,Minimal emit/request-result bridge H1; file progress H2,"All syscall wrappers, raw failures and progress cases",drafted,seed-forth/chapters/07-linux-io-contracts.md,existing paper material; FIRST-RESULTS H1/H2 paper entrance available; operational setup and observed fixtures pending
S08,Words that create words,H1;H2,bridge,Short emit-now/run-later bridge H1/H2,Complete created-word/header/phase mechanism,drafted,seed-forth/chapters/08-defining-words-and-phases.md,existing paper material; FIRST-RESULTS H1/H2 paper entrance available; operational setup and observed fixtures pending
S09,Control flow by remembered addresses,H2;H3,bridge,Patch ownership bridge when H2/H3 need it,Full immediate-control-flow compiler implementation,drafted,seed-forth/chapters/09-control-flow-by-patching.md,existing paper material; FIRST-RESULTS H1/H2 paper entrance available; operational setup and observed fixtures pending
S10,Persistent storage and a classifier,H2,bridge,Lifetime and deferred-interface bridge for source readers,Full byte recognizer as an optional useful Forth project,drafted,seed-forth/chapters/10-storage-deferred-words-and-bytes.md,existing paper material; FIRST-RESULTS H1/H2 paper entrance available; operational setup and observed fixtures pending
S11,From file bytes to an entry point,H2,audit_depth,Loader/file/address contract at H2,Full seed headers/startup native audit,drafted,seed-forth/chapters/11-executable-and-entry.md,existing paper material; FIRST-RESULTS H1/H2 paper entrance available; operational setup and observed fixtures pending
S12,The physical stacks and memory operations,Audit,audit_depth,Link when a logical/physical-state bug motivates it,Complete physical representation invariant audit,drafted,seed-forth/chapters/12-physical-stacks-and-memory.md,existing paper material; FIRST-RESULTS H1/H2 paper entrance available; operational setup and observed fixtures pending
S13,Arithmetic in instruction bytes,Audit,audit_depth,Selected width/sign bridge where required,Complete arithmetic native audit,drafted,seed-forth/chapters/13-arithmetic-in-instruction-bytes.md,existing paper material; FIRST-RESULTS H1/H2 paper entrance available; operational setup and observed fixtures pending
S14,The physical I/O boundary,Audit,audit_depth,Referenced implementation of early I/O promises,Complete I/O native audit,drafted,seed-forth/chapters/14-physical-io-and-exit.md,existing paper material; FIRST-RESULTS H1/H2 paper entrance available; operational setup and observed fixtures pending
S15,Dictionary identity and token input,Audit,audit_depth,Token lifetime/identity bridge if opened,"Complete dictionary headers, lookup/input/error audit",drafted,seed-forth/chapters/15-dictionary-and-token-input.md,existing paper material; FIRST-RESULTS H1/H2 paper entrance available; operational setup and observed fixtures pending
S16,The native Forth colon compiler,Audit,audit_depth,Implementation answer to H1's supplied colon contract,"Full native compiler audit, distinct from Forth-written C compiler",drafted,seed-forth/chapters/16-native-colon-compiler.md,existing paper material; FIRST-RESULTS H1/H2 paper entrance available; operational setup and observed fixtures pending
S17,Inline operands and branch returns,H2;H3,audit_depth,Optional comparison with H2/H3 displacement ownership,Complete inline-branch/return audit,drafted,seed-forth/chapters/17-inline-branch-operands.md,existing paper material; FIRST-RESULTS H1/H2 paper entrance available; operational setup and observed fixtures pending
S18,Closing the parser and interpreter loop,Audit,audit_depth,Syntax/dispatch contract linked from H1,Complete decimal/input/dispatch native audit,drafted,seed-forth/chapters/18-decimal-parser-and-repl.md,existing paper material; FIRST-RESULTS H1/H2 paper entrance available; operational setup and observed fixtures pending
S19,Seed audit and reader-built capstone,Audit,audit_capstone,Named independent seed-audit capstone,"All 1,772 bytes plus new-entry derivation; not a gate to H2",drafted,seed-forth/chapters/19-audit-synthesis-and-capstone.md,existing paper material; FIRST-RESULTS H1/H2 paper entrance available; operational setup and observed fixtures pending
C01,Compiler entry and profile contract,H2,main_story,FIRST-RESULTS supplies the H2 C/function/result primer; C01 supplies the full profile/two-process bridge and later triangle,Triangle as second application; retain full C primer locally,drafted,c-compiler/chapters/01-compiler-entry-and-profile.md,existing paper material; FIRST-RESULTS H1/H2 paper entrance available; operational setup and observed fixtures pending
C02,"Buffers, arenas, and failure ownership",H2,bridge,Selected span/cursor/capacity and write-success bridges,"All 35 infrastructure definitions, workspace and failure details",drafted,c-compiler/chapters/02-buffers-arenas-and-failure.md,existing paper material; FIRST-RESULTS H1/H2 paper entrance available; operational setup and observed fixtures pending
C03,Preprocessing regions and includes,H2;H4,bridge,H2 one-stream contract; H4 include/source-identity lesson,Complete active regions/sinks/nested includes,drafted,c-compiler/chapters/03-preprocessing-regions-and-includes.md,existing paper material; FIRST-RESULTS H1/H2 paper entrance available; operational setup and observed fixtures pending
C04,Macro expansion and rescanning,H4,bridge,H4 selected actual generator/header macro need,Complete storage/prescan/rescan/direct-profile mechanisms,drafted,c-compiler/chapters/04-macro-expansion-and-rescanning.md,existing paper material; FIRST-RESULTS H1/H2 paper entrance available; operational setup and observed fixtures pending
C05,Conditional preprocessing and profile extensions,H4,bridge,H4 feature selection and profile/reset bridge,Full conditional/location/typed-evaluator and extension routes,drafted,c-compiler/chapters/05-conditionals-and-profile-extensions.md,existing paper material; FIRST-RESULTS H1/H2 paper entrance available; operational setup and observed fixtures pending
C06,Tokens and reversible lookahead,H2,bridge,Selected source→token and restore-state story after H2,Full token census/replay/snapshot implementation,drafted,c-compiler/chapters/06-tokens-and-lookahead.md,existing paper material; FIRST-RESULTS H1/H2 paper entrance available; operational setup and observed fixtures pending
C07,Types and stable descriptors,H2;H3,bridge,Minimal profile/type identity H2/H3,Full stable descriptor/table/aggregate construction,drafted,c-compiler/chapters/07-types-and-stable-descriptors.md,existing paper material; FIRST-RESULTS H1/H2 paper entrance available; operational setup and observed fixtures pending
C08,Names and lexical scope,H2;H3,bridge,H3 defined/unresolved identity; H2 selected scope bridge,"Complete symbol-table, qualifier and namespace mechanics",drafted,c-compiler/chapters/08-names-and-lexical-scope.md,existing paper material; FIRST-RESULTS H1/H2 paper entrance available; operational setup and observed fixtures pending
C09,Instructions inside an executable,H2,bridge,H2 main coordinates and selected emitted-field reasoning,Complete encoder/header tables and LP64 width depth,drafted,c-compiler/chapters/09-instructions-inside-an-executable.md,existing paper material; FIRST-RESULTS H1/H2 paper entrance available; operational setup and observed fixtures pending
C10,"Calls, literals, and deferred addresses",H2;H3,bridge,H2/H3 pending-address ownership,Complete call/string/global/data/BSS patch mechanisms,drafted,c-compiler/chapters/10-calls-literals-and-deferred-addresses.md,existing paper material; FIRST-RESULTS H1/H2 paper entrance available; operational setup and observed fixtures pending
C11,A bounded legacy runtime,H2,bridge,H2 disclose exact eager prefix and bounded contracts,"Complete runtime bodies, heap and raw-I/O behavior",drafted,c-compiler/chapters/11-a-bounded-legacy-runtime.md,existing paper material; FIRST-RESULTS H1/H2 paper entrance available; operational setup and observed fixtures pending
C12,"Places, values, and delayed loads",H2;H3,main_story,Main selected mutation example after H2; H3 identity bridge,Complete nine-cell metadata/producers,drafted,c-compiler/chapters/12-places-values-and-delayed-loads.md,existing paper material; FIRST-RESULTS H1/H2 paper entrance available; operational setup and observed fixtures pending
C13,Precedence and short-circuit expressions,H2,main_story,Main selected expression/branch case after H2,Full parser tables/LP64 pipeline and constant-provider depth,drafted,c-compiler/chapters/13-precedence-and-short-circuit.md,existing paper material; FIRST-RESULTS H1/H2 paper entrance available; operational setup and observed fixtures pending
C14,"Postfix, unary, assignment, and evaluator closure",H2,bridge,Needed unary/assignment/evaluator contracts at use,Complete postfix/cast/sizeof/typed evaluation implementation,drafted,c-compiler/chapters/14-expressions-and-constant-evaluation.md,existing paper material; FIRST-RESULTS H1/H2 paper entrance available; operational setup and observed fixtures pending
C15,Declarations and recursive records,H3,bridge,Main small declaration/identity bridge into H3,"Complete recursive record, array, static and function-pointer cases",drafted,c-compiler/chapters/15-declarations-and-recursive-records.md,existing paper material; FIRST-RESULTS H1/H2 paper entrance available; operational setup and observed fixtures pending
C16,Conditions and loops,H2,main_story,Main triangle loop puzzle after H2,"Full dispatcher, loop layouts and replay mechanism",drafted,c-compiler/chapters/16-conditions-and-loops.md,existing paper material; FIRST-RESULTS H1/H2 paper entrance available; operational setup and observed fixtures pending
C17,"Switches, labels, and nonlocal control",H2,bridge,"Optional changed-control case, or bridge for real workload",Full switch/goto/cleanup and profile variants,drafted,c-compiler/chapters/17-switches-labels-and-nonlocal-control.md,existing paper material; FIRST-RESULTS H1/H2 paper entrance available; operational setup and observed fixtures pending
C18,Functions and call-frame accounting,H2;H3,main_story,H2 copied-value and return story; H3 ABI counterexample,"Complete definition parser, slots, cleanup and legacy limits",drafted,c-compiler/chapters/18-functions-and-call-frame-accounting.md,existing paper material; FIRST-RESULTS H1/H2 paper entrance available; operational setup and observed fixtures pending
C19,Translation units and process entry,H2,main_story,FIRST-RESULTS supplies the H2 layout/patch bridge; C19 opens the complete first-program derivation before full translation-unit depth,"Full file-scope forms, runtime registration and completion",drafted,c-compiler/chapters/19-translation-units-and-process-entry.md,existing paper material; FIRST-RESULTS H1/H2 paper entrance available; operational setup and observed fixtures pending
C20,The complete compiler and Stage-A comparison,H2,replacement_case,Short producer/artifact and oracle case after H2,Full M2 route recipe/evidence and practice,drafted,c-compiler/chapters/20-complete-compiler-and-stage-a.md,existing paper material; FIRST-RESULTS H1/H2 paper entrance available; operational setup and observed fixtures pending
C21,Assembler input and expansion,Alternate,optional_route,Optional assembly lab; text/bytes contract on request,Complete expansion/buffer/grammar/lifetime account,drafted,c-compiler/chapters/21-assembler-input-and-expansion.md,existing paper material; FIRST-RESULTS H1/H2 paper entrance available; operational setup and observed fixtures pending
C22,Two-pass assembly and bootstrap handoff,H2,replacement_case,Short same-input dependency-replacement case after H2,Complete two-pass/sigil/ELF fixtures; optional route capstone,drafted,c-compiler/chapters/22-two-pass-assembly-and-bootstrap-handoff.md,existing paper material; FIRST-RESULTS H1/H2 paper entrance available; operational setup and observed fixtures pending
C23,The direct TinyCC profile,Alternate,optional_route,Planned alternate private-profile route after C15/C18/C19 contracts and a local producer/profile bridge; no blanket C20 gate,Complete private ABI/application; shared LP64/declaration mechanisms retain G01/G03 homes,planned,,planned manuscript and fixture
C24,"TinyCC initialization, runtime, and closure",Alternate,optional_route,Planned TinyCC source/generation/closure route after C23 and a local source/generation/comparison bridge; full C20/C22 only for full cross-route comparison work,Complete private initializer/runtime/kit route; shared traversal and static lowering remain G03/G09,planned,,planned manuscript and fixture
G01,A program from two files,H3,main_story,"Drafted bounded two-source profile entrance: declared use, selected LP64/System V/object profile, illustrative relocation, scalar return/alignment and real startup/archive inputs","G01 supplies required interfaces; full object/ABI/link/runtime/archive, shared 115/118 mechanisms and driver/cache inventories remain G02-G17",drafted,gcc-toolchain/chapters/01-a-program-from-two-files.md,bounded paper entrance drafted; bounded source/practice and model-assisted prerequisite reviews complete; command card and fixture unexecuted
G02,"Objects, symbols, and relocation records",H3,main_story,Separate one definition/use into two objects; inspect symbols and one relocation,"All section, symbol, BSS and relocation construction",planned,,planned manuscript and fixture
G03,"Signatures, declarators, and ranked arrays",H3,bridge,Teach selected scalar declarations and shared 115/118 declaration/initializer interfaces,"Full signatures, declarators, ranked arrays and shared native traversal; C07/C15 required for depth",planned,,planned manuscript and fixture
G04,A shared scalar argument planner,H3,bridge,Teach scalar calls/results and alignment for the two-object story,Complete argument planner and temporary ownership; full C18/G03 prerequisites for depth,planned,,planned manuscript and fixture
G05,Linking independently built objects,H3,main_story,Place two objects and apply their one named relocation,"Complete validation, resolution, placement, relocation and publication",planned,,planned manuscript and fixture
G06,"Raw syscalls, startup, and runtime control",H3,bridge,Identify actual startup and Linux exit inputs for the linked fixture,"Complete syscall, errno, frame and nonlocal-return helpers",planned,,planned manuscript and fixture
G07,Source-built allocation and byte operations,H4;H5,bridge,State allocation/byte-operation interfaces before the actual workload needs them,"Complete allocation failure, mappings, process and memory/string implementations",planned,,planned manuscript and fixture
G08,Target headers and honest feature probes,H4,main_story,Use a real header/probe choice to connect target predefines with C03-C05,"Complete target headers, selector hooks and honest feature contracts",planned,,planned manuscript and fixture
G09,Typed constants and symbolic addresses,H3;H4,bridge,Teach static constant/addend lowering and shared initializer leaf needed by the object task,"Full typed constants, unevaluated parsing and shared 118 traversal under selected object providers",planned,,planned manuscript and fixture
G10,Floating values and conversion,H4,bridge,State the workload-required floating interface without confusing transport and conversion,Full arithmetic/conversion and width rules,planned,,planned manuscript and fixture
G11,Decimal literals rounded once,H4,bridge,Name decimal-literal production support before relevant source input,"Exact ratios, rounding and subnormal boundary derivation",planned,,planned manuscript and fixture
G12,Variadic cursors and argument classes,H4,bridge,Supply the selected variadic call contract before its runtime use,Full register/overflow cursors; aggregate/X87 completion in G15,planned,,planned manuscript and fixture
G13,Streams and bounded formatting,H4;H5,bridge,Open the stream/format behavior used by a selected real program,"Complete position, partial objects, sticky errors and supported formatting",planned,,planned manuscript and fixture
G14,Bitfield layout and preserving stores,H4,bridge,Teach bitfield storage interface when the actual source first needs it,"Complete layout, promotion, extraction and preserving stores",planned,,planned manuscript and fixture
G15,Aggregate values and X87 transport,H4,bridge,Identify aggregate ABI support before dependent production workload,"Complete classification, rollback, snapshots, hidden returns and X87",planned,,planned manuscript and fixture
G16,Indexed archives and lazy extraction,H3;H5,bridge,Teach member selection needed by runtime link; revisit member identity before comparisons,"Complete archive index, lazy extraction, fixed-point and command-order mechanism",planned,,planned manuscript and fixture
G17,"Frozen driver, configure, and source census",H4,bridge,Pin one source/configure/producer record before the generator story,"Complete frozen driver, snapshot/cache identity and Makefile-selected census",planned,,planned manuscript and fixture
G18,Source generators must have builders,H4,main_story,Trace one real generator then the actual oyacc/lex/flex/GCC producer graph,Full selected generator inputs and implementation/reference account,planned,,planned manuscript and fixture
G19,The cc1 milestone and its tests,H4,main_story,Reach cc1 assembly and bound host-supported torture evidence,Full source-acceptance diagnostics and test interpretation,planned,,planned manuscript and fixture
G20,Building the downstream binutils,H4,main_story,Build the downstream assembler/linker tools from their selected inputs,"Full binutils preparation, generated sources and retained reports",planned,,planned manuscript and fixture
G21,A freestanding GCC driver toolchain,H4,main_story,Join G19 GCC and G20 output tools in a freestanding no-header program,Full driver invocation provenance and remaining host-header/runtime limits,planned,,planned manuscript and fixture
G22,Hosted closure with libgcc and musl,H5,main_story,Reach a static hosted program using named libgcc/crt/musl/sysroot inputs,Complete target-library and hosted closure account,planned,,planned manuscript and fixture
G23,Rebuild lineage and controlled paths,H5,main_story,Name the compiler building each later GCC generation,Complete source/configuration/path-controlled rebuild provenance,planned,,planned manuscript and fixture
G24,Equal sort keys and unequal bytes,H5,main_story,Resolve a small equal-key sorting puzzle before interpreting reproducibility,Complete recorded sorting/runtime mechanism and diagnostic comparisons,planned,,planned manuscript and fixture
G25,Fixed-point evidence and toolchain capstone,H5,toolchain_capstone,Interpret exact file/member predicates and remaining dependencies,Complete toolchain evidence/provenance capstone; no Linux or universal correctness inference,planned,,planned manuscript and fixture
K01,A new kernel-route contract,Continuation,continuation,Independent kernel/Linux unit K01 after a precisely identified direct toolchain,Retain full K-unit outcome and prerequisites; new route-specific source/build/boot evidence required,planned,,planned manuscript and fixture
K02,Loading an image and reaching entry,Continuation,continuation,Independent kernel/Linux unit K02 after a precisely identified direct toolchain,Retain full K-unit outcome and prerequisites; new route-specific source/build/boot evidence required,planned,,planned manuscript and fixture
K03,Memory and privileged execution,Continuation,continuation,Independent kernel/Linux unit K03 after a precisely identified direct toolchain,Retain full K-unit outcome and prerequisites; new route-specific source/build/boot evidence required,planned,,planned manuscript and fixture
K04,A small observable kernel,Continuation,continuation,Independent kernel/Linux unit K04 after a precisely identified direct toolchain,Retain full K-unit outcome and prerequisites; new route-specific source/build/boot evidence required,planned,,planned manuscript and fixture
K05,The Linux build and boot boundary,Continuation,continuation,Independent kernel/Linux unit K05 after a precisely identified direct toolchain,Retain full K-unit outcome and prerequisites; new route-specific source/build/boot evidence required,planned,,planned manuscript and fixture
K06,Userspace and the initial filesystem,Continuation,continuation,Independent kernel/Linux unit K06 after a precisely identified direct toolchain,Retain full K-unit outcome and prerequisites; new route-specific source/build/boot evidence required,planned,,planned manuscript and fixture
K07,End-to-end direct-chain acceptance,Continuation,continuation,Independent kernel/Linux unit K07 after a precisely identified direct toolchain,Retain full K-unit outcome and prerequisites; new route-specific source/build/boot evidence required,planned,,planned manuscript and fixture
K08,"Lineage, trust, and the final handoff",Continuation,continuation,Independent kernel/Linux unit K08 after a precisely identified direct toolchain,Retain full K-unit outcome and prerequisites; new route-specific source/build/boot evidence required,planned,,planned manuscript and fixture
