source_path,source_revision,source_blob_sha,start_line,end_line,primary_unit,scope,interface_notes,declarations,manuscript_path,manuscript_status,source_url,region_id,phase,state_owner,mechanism,assumptions,declaration_notes,initialization_forms,teaching_section,teaching_anchor,related_teaching
130-asm.fth,bbcc1732152af2d884737272eed870d2410ffe8e,f1aec439017467a377af636b3b619e7cbb72188a,1,38,C21,Program contract and bounded omissions; comparison comments remain attributed claims,"C22 opens byte production, supplied ELF input and the exact handoff comparisons.",,chapters/21-assembler-input-and-expansion.md,taught,https://github.com/delta9000/seed-forth/blob/bbcc1732152af2d884737272eed870d2410ffe8e/130-asm.fth#L1-L38,R01,source-reading contract,the assembler program and its input producer,The file consumes described bytes; its header names intended M1/hex2 use and selected comparisons but supplies no ELF envelope.,"The bounded profile is a fresh Linux/AMD64 seed loading 010 then 130, with 64-bit cells; source comments are not execution evidence.",,,The boundary we hand to the next chapter,the-boundary-we-hand-to-the-next-chapter,chapters/21-assembler-input-and-expansion.md#start-a-separate-assembler-process; chapters/22-two-pass-assembly-and-bootstrap-handoff.md#reference-choose-the-oracle-that-answers-your-question
130-asm.fth,bbcc1732152af2d884737272eed870d2410ffe8e,f1aec439017467a377af636b3b619e7cbb72188a,39,54,C21,Fresh-load storage relocation and bounded capacity-check helper,C22 reuses asm-check-cap for output and labels.,asm-check-cap,chapters/21-assembler-input-and-expansion.md,taught,https://github.com/delta9000/seed-forth/blob/bbcc1732152af2d884737272eed870d2410ffe8e/130-asm.fth#L39-L54,R02,source loading; capacity checks during all three walks,seed dictionary allocation; the caller of each checked append,Relocate HERE before large reserves; the shared check receives the occupancy after the proposed write so each caller controls its capacity policy.,skip-vm-pages assigns HERE to 0x414000 and requires HERE still below 0x410000; it is not a high-water-mark allocator after arbitrary loads.,"asm-check-cap (colon, L51-L53): consumes proposed occupancy, capacity and exit code; permits equality and exits only when proposed occupancy is greater","L45: skip-vm-pages sets HERE to 0x414000 before buffer allocation; a load-time initialization form, not a colon definition",Start a separate assembler process,start-a-separate-assembler-process,chapters/21-assembler-input-and-expansion.md#capacity-means-the-proposed-next-length
130-asm.fth,bbcc1732152af2d884737272eed870d2410ffe8e,f1aec439017467a377af636b3b619e7cbb72188a,55,66,C21,"Separate raw/expanded buffers, capacities and lengths",C22 reads the completed expanded buffer without modifying it.,asm-src-cap; asm-src-buf; asm-src-len; asm-exp-cap; asm-exp-buf; asm-exp-len,chapters/21-assembler-input-and-expansion.md,taught,https://github.com/delta9000/seed-forth/blob/bbcc1732152af2d884737272eed870d2410ffe8e/130-asm.fth#L55-L66,R03,source loading allocates; raw load and expansion fill,"raw input and expanded text, with separate lengths",Two 4 MiB buffers separate the bytes borrowed by definition records from the text that later label records borrow.,Allocated bytes are not initialized by allot; lengths determine live contents; raw bytes must remain unchanged during expansion.,"asm-src-cap (constant, L57-L57): sets raw-input capacity to 4194304 bytes; asm-src-buf (create, L58-L58): reserves raw-input bytes that own the borrowed definition names and bodies; asm-src-len (variable, L59-L59): holds the number of loaded raw-input bytes, reset before reading; asm-exp-cap (constant, L63-L63): sets expanded-text capacity to 4194304 bytes; asm-exp-buf (create, L64-L64): reserves separate expanded text that later owns borrowed label names; asm-exp-len (variable, L65-L65): holds expanded-text length, reset at expansion start and advanced by byte append",,Read the cells and bytes in the implementation,read-the-cells-and-bytes-in-the-implementation,chapters/21-assembler-input-and-expansion.md#why-neither-owner-may-move-yet
130-asm.fth,bbcc1732152af2d884737272eed870d2410ffe8e,f1aec439017467a377af636b3b619e7cbb72188a,67,82,C21,Active cursor state and raw/expanded buffer selection,C22 selects expanded text once before its two assembly passes.,asm-cur-buf; asm-cur-len; asm-cur-pos; asm-use-src; asm-use-exp,chapters/21-assembler-input-and-expansion.md,taught,https://github.com/delta9000/seed-forth/blob/bbcc1732152af2d884737272eed870d2410ffe8e/130-asm.fth#L67-L82,R04,raw/expanded cursor selection between walks,the active text cursor,Selecting a buffer installs address and length and rewinds position; clients therefore share one reader without sharing the two storage owners.,The selected length is copied when selection occurs; it is not an alias to the buffer-length variable.,"asm-cur-buf (variable, L69-L69): holds the selected raw or expanded buffer address; asm-cur-len (variable, L70-L70): holds a snapshot of the selected buffer length; asm-cur-pos (variable, L71-L71): holds the next text-byte index within the selected buffer; asm-use-src (colon, L73-L76): selects the raw buffer and its current length, then starts its cursor at zero; asm-use-exp (colon, L78-L81): selects the completed expanded buffer and length, then starts its cursor at zero",,"One reader, two selected buffers",one-reader-two-selected-buffers,chapters/22-two-pass-assembly-and-bootstrap-handoff.md#reference-the-caller-starts-three-walks-not-two-expansions
130-asm.fth,bbcc1732152af2d884737272eed870d2410ffe8e,f1aec439017467a377af636b3b619e7cbb72188a,83,84,C22,Cursor rewind without clearing data or labels,See asm-main in the driver region for the complete reset boundary.,asm-reset-pos,chapters/22-two-pass-assembly-and-bootstrap-handoff.md,taught,https://github.com/delta9000/seed-forth/blob/bbcc1732152af2d884737272eed870d2410ffe8e/130-asm.fth#L83-L84,R05,between assembly pass 1 and pass 2,cursor position only,Rewind selects the same token sequence without clearing label records; IP and output position are reset by separate driver operations.,Expanded bytes and selected length remain unchanged.,"asm-reset-pos (colon, L83-L83): sets only cursor position to zero so pass 2 can reread unchanged text without erasing labels",,"Rewind the reading position, keep the discoveries",rewind-the-reading-position-keep-the-discoveries,chapters/22-two-pass-assembly-and-bootstrap-handoff.md#reference-the-caller-starts-three-walks-not-two-expansions
130-asm.fth,bbcc1732152af2d884737272eed870d2410ffe8e,f1aec439017467a377af636b3b619e7cbb72188a,85,98,C21,"Read-to-buffer loop, strict input capacity and nonpositive-read boundary",The expanded/output append policy allows exact capacity and must not be inferred from this stricter load policy.,asm-load-stdin,chapters/21-assembler-input-and-expansion.md,taught,https://github.com/delta9000/seed-forth/blob/bbcc1732152af2d884737272eed870d2410ffe8e/130-asm.fth#L85-L98,R06,raw-input loading,raw buffer and loaded-byte count,Positive read counts extend the input; checking length plus one deliberately rejects an exactly full input buffer.,A nonpositive read ends the loop without distinguishing EOF from read failure; successful input length is strictly below 4194304.,"asm-load-stdin (colon, L88-L97): fills raw storage from fd 0, adds positive read counts and exits 239 if length plus one exceeds capacity",,Capacity means the proposed next length,capacity-means-the-proposed-next-length,
130-asm.fth,bbcc1732152af2d884737272eed870d2410ffe8e,f1aec439017467a377af636b3b619e7cbb72188a,99,114,C21,"EOF test, peek and advance cursor contracts",The same words read raw text in C21 and expanded text in C22.,asm-eof?; asm-peek-char; asm-next-char,chapters/21-assembler-input-and-expansion.md,taught,https://github.com/delta9000/seed-forth/blob/bbcc1732152af2d884737272eed870d2410ffe8e/130-asm.fth#L99-L114,R07,expansion and both assembly passes,active cursor,"EOF is a position/length predicate; peek observes, while next returns the observation and advances one text byte.",Zero from peek alone does not identify EOF because a stored byte can also be zero; callers use asm-eof?.,"asm-eof? (colon, L100-L100): compares cursor position with selected length; position at or beyond length is EOF; asm-peek-char (colon, L103-L108): returns the current byte without advancing, or zero at EOF; asm-next-char (colon, L111-L113): returns the peeked byte and advances the cursor once, including when peek returns the EOF zero",,"One reader, two selected buffers",one-reader-two-selected-buffers,
130-asm.fth,bbcc1732152af2d884737272eed870d2410ffe8e,f1aec439017467a377af636b3b619e7cbb72188a,115,120,C21,Bounded expanded-text append,All ordinary copying and direct-string encoders share this sink.,asm-exp-emit-byte,chapters/21-assembler-input-and-expansion.md,taught,https://github.com/delta9000/seed-forth/blob/bbcc1732152af2d884737272eed870d2410ffe8e/130-asm.fth#L115-L120,R08,expansion,expanded text and its live length,A pre-write capacity test prevents the next append from exceeding the reserved region; equality remains allowed.,Appending one byte truncates to the stored low byte; over-capacity exits 240 before that write.,"asm-exp-emit-byte (colon, L116-L119): checks prospective expansion length, stores one low byte, then increments that length",,Capacity means the proposed next length,capacity-means-the-proposed-next-length,chapters/21-assembler-input-and-expansion.md#copy-a-body-as-text
130-asm.fth,bbcc1732152af2d884737272eed870d2410ffe8e,f1aec439017467a377af636b3b619e7cbb72188a,121,135,C22,"Output buffer, reset and checked byte append",C21 owns the common capacity helper; C22 explains the difference between output position and pass-1 IP.,asm-out-cap; asm-out-buf; asm-out-pos; asm-out-init; asm-emit-byte,chapters/22-two-pass-assembly-and-bootstrap-handoff.md,taught,https://github.com/delta9000/seed-forth/blob/bbcc1732152af2d884737272eed870d2410ffe8e/130-asm.fth#L121-L135,R09,source loading allocates; assembly pass 2 emits,output buffer and emitted-byte position,Output has its own 1 MiB storage and counter; pass 1 measures with IP without creating placeholder bytes.,Exact output capacity is allowed; the next byte fails 241 before storage; zeroing position does not erase existing memory bytes.,"asm-out-cap (constant, L124-L124): sets emitted-output capacity to 1048576 bytes; asm-out-buf (create, L125-L125): reserves output bytes separately from raw and expanded text; asm-out-pos (variable, L126-L126): holds the number of emitted bytes; it is not the pass-1 sizing counter; asm-out-init (colon, L128-L128): resets emitted-byte position to zero before pass 2; asm-emit-byte (colon, L131-L134): checks prospective output position against capacity, writes one low byte and advances position",,Reference: a complete buffer is followed by a write attempt,reference-a-complete-buffer-is-followed-by-a-write-attempt,chapters/22-two-pass-assembly-and-bootstrap-handoff.md#rewind-the-reading-position-keep-the-discoveries; chapters/22-two-pass-assembly-and-bootstrap-handoff.md#reference-emit-low-bytes-without-changing-their-meaning
130-asm.fth,bbcc1732152af2d884737272eed870d2410ffe8e,f1aec439017467a377af636b3b619e7cbb72188a,136,153,C22,Open/write/close attempt and stderr newline storage,Only asm-main reaches output storage after successful processing of both assembly passes.,asm-write-output; asm-nl-byte,chapters/22-two-pass-assembly-and-bootstrap-handoff.md,taught,https://github.com/delta9000/seed-forth/blob/bbcc1732152af2d884737272eed870d2410ffe8e/130-asm.fth#L136-L153,R10,output storage attempt; error reporting,named output file; diagnostic LF data,"A negative open result is checked, but the following single write and close have discarded results; token errors reuse the stored LF.",Path must be NUL terminated; requested mode 0755 is subject to umask or an existing file mode; a zero exit is not a complete-write witness.,"asm-write-output (colon, L142-L149): opens the supplied NUL-terminated path with flags 577 and requested mode 493, checks negative open results, then attempts one write and close; asm-nl-byte (create, L152-L152): creates the LF byte used after a token diagnostic on fd 2",,Reference: a complete buffer is followed by a write attempt,reference-a-complete-buffer-is-followed-by-a-write-attempt,chapters/22-two-pass-assembly-and-bootstrap-handoff.md#failures-have-a-phase-as-well-as-a-code
130-asm.fth,bbcc1732152af2d884737272eed870d2410ffe8e,f1aec439017467a377af636b3b619e7cbb72188a,154,175,C22,"Label record/table storage; target base, IP and pass state",Definition records in C21 instead have four cells and grow during expansion.,asm-rec-size; asm-cap; asm-labels; asm-count; asm-base; asm-ip; asm-pass,chapters/22-two-pass-assembly-and-bootstrap-handoff.md,taught,https://github.com/delta9000/seed-forth/blob/bbcc1732152af2d884737272eed870d2410ffe8e/130-asm.fth#L154-L175,R11,source loading allocates/initializes; pass 1 fills; pass 2 reads,"label table, target base, IP and pass selection",Three 8-byte cells per label separate borrowed name storage from the target-address value; base is initialized independently of later IP resets.,Default base is 6291456 (0x600000); capacity is 8192 labels; a fresh pass 1 must clear count before appending.,"asm-rec-size (constant, L158-L158): sets each three-cell label record to 24 bytes; asm-cap (constant, L159-L159): sets label capacity to 8192 records; asm-labels (create, L160-L160): reserves the array of name-address, name-length and target-IP triples; asm-count (variable, L161-L161): counts valid label records and survives the rewind between passes; asm-base (variable, L171-L171): holds the target address corresponding to output offset zero; asm-ip (variable, L173-L173): holds the target address of the next counted or emitted byte, independent of text cursor; asm-pass (variable, L174-L174): selects pass 1 sizing/storage or pass 2 resolution/emission","L172: [lit] 6291456 asm-base ! sets the default target base to 0x600000; a load-time initialization form, not a colon definition",Reference: the label table borrows names and owns addresses,reference-the-label-table-borrows-names-and-owns-addresses,chapters/22-two-pass-assembly-and-bootstrap-handoff.md#reference-the-caller-starts-three-walks-not-two-expansions
130-asm.fth,bbcc1732152af2d884737272eed870d2410ffe8e,f1aec439017467a377af636b3b619e7cbb72188a,176,188,C22,Label-record addressing and append with borrowed name,The label text address is not the target address stored at record offset 16.,asm-rec; asm-store-label,chapters/22-two-pass-assembly-and-bootstrap-handoff.md,taught,https://github.com/delta9000/seed-forth/blob/bbcc1732152af2d884737272eed870d2410ffe8e/130-asm.fth#L176-L188,R12,assembly pass 1,label table and count,"Address arithmetic chooses the next 24-byte slot, writes its name slice/current target IP, then publishes the incremented count.",Name bytes belong to expanded text and must outlive pass-2 lookup; append beyond capacity exits 242.,"asm-rec (colon, L177-L177): computes asm-labels plus index times the 24-byte record size; asm-store-label (colon, L180-L187): checks the next record count, borrows name address/length, stores current IP and increments count",,Reference: the label table borrows names and owns addresses,reference-the-label-table-borrows-names-and-owns-addresses,
130-asm.fth,bbcc1732152af2d884737272eed870d2410ffe8e,f1aec439017467a377af636b3b619e7cbb72188a,189,211,C22,Newest-first label search and exact slice comparison,C21 definition lookup also scans backward but can see only preceding definitions.,asm-find-addr; asm-find-len; asm-find-label,chapters/22-two-pass-assembly-and-bootstrap-handoff.md,taught,https://github.com/delta9000/seed-forth/blob/bbcc1732152af2d884737272eed870d2410ffe8e/130-asm.fth#L189-L211,R13,assembly pass 2 resolution,label lookup scratch and completed label table,"Reverse scanning implements newest declaration wins across the complete table, with length checked before byte comparison.",Duplicate labels are not rejected; all pass-1 declarations are visible during every pass-2 lookup; scratch makes this a non-reentrant helper.,"asm-find-addr (variable, L189-L189): holds the borrowed query-name address during label lookup; asm-find-len (variable, L190-L190): holds query-name length during label lookup; asm-find-label (colon, L195-L210): scans the completed table newest first, checks length before bytes and returns IP/true or zero/false",,Reference: the label table borrows names and owns addresses,reference-the-label-table-borrows-names-and-owns-addresses,chapters/21-assembler-input-and-expansion.md#search-backward-through-what-exists-now
130-asm.fth,bbcc1732152af2d884737272eed870d2410ffe8e,f1aec439017467a377af636b3b619e7cbb72188a,212,235,C21,Hex character recognition and digit-value conversion,C22 uses recognition in pass 1 and conversion for already-validated bare pairs in pass 2.,hex-val; asm-hex-char?,chapters/21-assembler-input-and-expansion.md,taught,https://github.com/delta9000/seed-forth/blob/bbcc1732152af2d884737272eed870d2410ffe8e/130-asm.fth#L212-L235,R14,numeric conversion and bare-hex validation/emission,stateless character helpers,"Hex spelling and digit value are separate interfaces: recognition protects the bare-hex path, while conversion assumes a valid digit.",hex-val does not validate; numeric-parser calls are not guarded by asm-hex-char?.,"hex-val (colon, L218-L227): converts a valid decimal or upper/lowercase hex character to a value from zero through fifteen; asm-hex-char? (colon, L231-L234): recognizes exactly decimal digits and A-F/a-f for the bare-hex validation path",,Convert digits only under a valid-input contract,convert-digits-only-under-a-valid-input-contract,chapters/21-assembler-input-and-expansion.md#trace-the-whole-number-parser; chapters/22-two-pass-assembly-and-bootstrap-handoff.md#reference-the-pass-loop-gives-every-token-one-owner
130-asm.fth,bbcc1732152af2d884737272eed870d2410ffe8e,f1aec439017467a377af636b3b619e7cbb72188a,236,294,C21,Numeric-parser scratch state and bounded valid-input conversion contract,C21 teaches spelling/conversion; C22 chooses numeric fit bounds and emitted field width.,asm-dec-addr; asm-dec-len; asm-dec-val; asm-dec-neg; asm-dec-hex; asm-dec-i; asm-parse-number,chapters/21-assembler-input-and-expansion.md,taught,https://github.com/delta9000/seed-forth/blob/bbcc1732152af2d884737272eed870d2410ffe8e/130-asm.fth#L236-L294,R15,assembly pass 2 numeric reference conversion,number-parser scratch cells,"The parser accumulates value times ten or sixteen plus digit value, after optional sign/prefix consumption, then applies a negative sign.","Use well-formed bounded decimal or 0x/0X hex; no digit validation, required-digit check or cell-overflow diagnosis is supplied; leading zero alone remains decimal.","asm-dec-addr (variable, L236-L236): holds the numeric input body address during conversion; asm-dec-len (variable, L237-L237): holds numeric input body length; asm-dec-val (variable, L238-L238): accumulates the numeric value by multiply-by-radix and add; asm-dec-neg (variable, L239-L239): records whether conversion consumed a leading minus; asm-dec-hex (variable, L240-L240): records whether conversion consumed a 0x or 0X prefix; asm-dec-i (variable, L241-L241): tracks the next body character after optional sign and prefix; asm-parse-number (colon, L248-L293): resets conversion state, consumes optional minus and hex prefix, accumulates decimal or hex digits and applies the sign",,Trace the whole number parser,trace-the-whole-number-parser,chapters/21-assembler-input-and-expansion.md#convert-digits-only-under-a-valid-input-contract; chapters/22-two-pass-assembly-and-bootstrap-handoff.md#reference-six-sigils-three-meanings
130-asm.fth,bbcc1732152af2d884737272eed870d2410ffe8e,f1aec439017467a377af636b3b619e7cbb72188a,295,304,C22,Low-byte-first variable-width output,Uses asm-emit-byte for each capacity-checked output append.,asm-emit-le,chapters/22-two-pass-assembly-and-bootstrap-handoff.md,taught,https://github.com/delta9000/seed-forth/blob/bbcc1732152af2d884737272eed870d2410ffe8e/130-asm.fth#L295-L304,R16,assembly pass 2,output sink and value/width on the data stack,Repeated low-byte stores and unsigned division expose little-endian order and preserve the low two's-complement bytes of negative cell values.,"Widths are bounded by dispatch; only low width bytes are emitted, so accepted wide values can truncate.","asm-emit-le (colon, L296-L303): writes the low byte repeatedly, unsigned-divides the cell by 256 and stops after the requested width",,Reference: emit low bytes without changing their meaning,reference-emit-low-bytes-without-changing-their-meaning,chapters/22-two-pass-assembly-and-bootstrap-handoff.md#reference-a-complete-buffer-is-followed-by-a-write-attempt
130-asm.fth,bbcc1732152af2d884737272eed870d2410ffe8e,f1aec439017467a377af636b3b619e7cbb72188a,305,328,C21,Whitespace/comment skipping through LF or EOF,The token reader chooses quote handling after this skip.,asm-skip-rest-of-line; asm-skip-ws,chapters/21-assembler-input-and-expansion.md,taught,https://github.com/delta9000/seed-forth/blob/bbcc1732152af2d884737272eed870d2410ffe8e/130-asm.fth#L305-L328,R17,token acquisition during expansion and both assembly passes,active cursor,"Whitespace and comment skipping stops at the next token; a comment ends at LF or EOF, even when attached directly to a preceding bare token.","Whitespace is exactly space, tab, LF and CR; # and semicolon are comment markers only outside the quoted-token scan.","asm-skip-rest-of-line (colon, L310-L314): consumes through LF or stops at EOF, allowing a trailing comment without a newline; asm-skip-ws (colon, L317-L327): skips space/tab/LF/CR and comments beginning with # or semicolon before the next token",,Skip only the separators this implementation recognizes,skip-only-the-separators-this-implementation-recognizes,
130-asm.fth,bbcc1732152af2d884737272eed870d2410ffe8e,f1aec439017467a377af636b3b619e7cbb72188a,329,369,C21,Quoted/bare token scans and borrowed token slices,Raw-token slices feed definition expansion; expanded-token slices feed C22 processing.,asm-tok-start; asm-tok-len; asm-quote-char; asm-read-quoted; asm-read-bareword; asm-read-token,chapters/21-assembler-input-and-expansion.md,taught,https://github.com/delta9000/seed-forth/blob/bbcc1732152af2d884737272eed870d2410ffe8e/130-asm.fth#L329-L369,R18,token acquisition during expansion and both assembly passes,token-slice scratch; borrowed active-buffer bytes,The first token character chooses quote or bare scanning; returned lengths include quote delimiters and token bytes are never copied by this reader.,No escape handling or missing-close diagnostic; successful quoted examples supply matching delimiters; quote characters inside a bare token do not switch modes.,"asm-tok-start (variable, L329-L329): holds the borrowed start address of the token being read; asm-tok-len (variable, L330-L330): counts the token bytes returned to the caller, including quote delimiters; asm-quote-char (variable, L331-L331): remembers which opening quote must terminate the quoted token; asm-read-quoted (colon, L335-L342): consumes the opening quote and bytes through its matching close, including interior whitespace and comment characters; asm-read-bareword (colon, L345-L352): counts bytes until whitespace, #, semicolon or EOF without consuming that delimiter; asm-read-token (colon, L358-L368): skips separators, returns zero/zero at EOF, then selects quoted or bare scanning and returns a borrowed slice",,A quote gets its special role at token start,a-quote-gets-its-special-role-at-token-start,chapters/21-assembler-input-and-expansion.md#skip-only-the-separators-this-implementation-recognizes; chapters/21-assembler-input-and-expansion.md#matching-delimiters-are-a-premise-not-a-diagnosed-guarantee
130-asm.fth,bbcc1732152af2d884737272eed870d2410ffe8e,f1aec439017467a377af636b3b619e7cbb72188a,370,375,C21,Current-token address/length staging shared with C22 dispatch,C22 owns dispatch and consumers; C21 owns the numeric classifier using this interface.,asm-token-start-tmp; asm-token-len-tmp,chapters/21-assembler-input-and-expansion.md,taught,https://github.com/delta9000/seed-forth/blob/bbcc1732152af2d884737272eed870d2410ffe8e/130-asm.fth#L370-L375,R19,current-token staging for assembly processing,borrowed expanded-token address/length,"These two cells keep a stable token slice available while classification, reference slicing and diagnostics call other helpers.",A nonempty token is installed by asm-process-token before dependent helpers read it; expanded input remains alive.,"asm-token-start-tmp (variable, L374-L374): stages the current expanded token address for classification and C22 dispatch; asm-token-len-tmp (variable, L375-L375): stages the current expanded token length for body slices and field processing",,The classifier inspects one body character,the-classifier-inspects-one-body-character,chapters/22-two-pass-assembly-and-bootstrap-handoff.md#reference-the-pass-loop-gives-every-token-one-owner
130-asm.fth,bbcc1732152af2d884737272eed870d2410ffe8e,f1aec439017467a377af636b3b619e7cbb72188a,376,379,C22,Explicit-base scan and hex-emission index state,asm-find-gt and asm-check-hex/asm-do-hex explain their updates.,asm-gt-pos; asm-scan-i; asm-hex-i,chapters/22-two-pass-assembly-and-bootstrap-handoff.md,taught,https://github.com/delta9000/seed-forth/blob/bbcc1732152af2d884737272eed870d2410ffe8e/130-asm.fth#L376-L379,R20,assembly field parsing and bare-hex processing,explicit-base scan scratch and hex-pair index,Independent indices distinguish a token scan for > from bare-hex character validation and pair emission.,These scratch cells do not own text or persist a separate parse tree.,"asm-gt-pos (variable, L376-L376): stores explicit-base separator position measured within the sigil body, or minus one when absent; asm-scan-i (variable, L377-L377): tracks the token index while searching for the explicit-base separator; asm-hex-i (variable, L378-L378): tracks characters while validating or emitting bare hex pairs",,An explicit base names the subtraction point,an-explicit-base-names-the-subtraction-point,chapters/22-two-pass-assembly-and-bootstrap-handoff.md#reference-the-pass-loop-gives-every-token-one-owner
130-asm.fth,bbcc1732152af2d884737272eed870d2410ffe8e,f1aec439017467a377af636b3b619e7cbb72188a,380,389,C21,Numeric-versus-label body classification,C22 uses the decision for generic fields and to guard the explicit-base percent branch.,asm-tok-numeric?,chapters/21-assembler-input-and-expansion.md,taught,https://github.com/delta9000/seed-forth/blob/bbcc1732152af2d884737272eed870d2410ffe8e/130-asm.fth#L380-L389,R21,assembly pass 2 numeric-versus-label decision,staged token slice,The first body character alone selects numeric parsing; a digit/minus body is not first looked up as a label.,Leading plus is not numeric; digit/minus-leading label spellings are unsafe for references; classification does not prove valid digits.,"asm-tok-numeric? (colon, L382-L388): classifies a nonempty sigil body as numeric only when its first character is a decimal digit or minus",,The classifier inspects one body character,the-classifier-inspects-one-body-character,chapters/21-assembler-input-and-expansion.md#trace-the-whole-number-parser; chapters/22-two-pass-assembly-and-bootstrap-handoff.md#reference-six-sigils-three-meanings
130-asm.fth,bbcc1732152af2d884737272eed870d2410ffe8e,f1aec439017467a377af636b3b619e7cbb72188a,390,402,C22,"Locate explicit-base separator, with no-separator sentinel",Only nonnumeric percent-reference handling gives this separator special meaning.,asm-find-gt,chapters/22-two-pass-assembly-and-bootstrap-handoff.md,taught,https://github.com/delta9000/seed-forth/blob/bbcc1732152af2d884737272eed870d2410ffe8e/130-asm.fth#L390-L402,R22,assembly pass 2 percent-reference parsing,explicit-base separator position and scan index,Record the first > as a body-relative index so two borrowed name slices can be formed without modifying text.,"No separator is represented by true, which is minus one in this Forth; this scan supplies no name validation.","asm-find-gt (colon, L391-L401): searches from token index one for the first > and records its body-relative index; otherwise writes true, the minus-one sentinel",,An explicit base names the subtraction point,an-explicit-base-names-the-subtraction-point,
130-asm.fth,bbcc1732152af2d884737272eed870d2410ffe8e,f1aec439017467a377af636b3b619e7cbb72188a,403,410,C22,Store declarations in pass 1 only,Uses the same current-token slice established by dispatch.,asm-do-label-decl,chapters/22-two-pass-assembly-and-bootstrap-handoff.md,taught,https://github.com/delta9000/seed-forth/blob/bbcc1732152af2d884737272eed870d2410ffe8e/130-asm.fth#L403-L410,R23,assembly pass 1 only,label table,"The leading colon contributes no width: strip it, then associate the remaining name slice with the current target IP.",Pass 2 does nothing for declarations; duplicate names are retained and resolved by reverse lookup.,"asm-do-label-decl (colon, L404-L409): removes the colon from the token slice and stores the name/current IP only in pass 1",,Reference: the label table borrows names and owns addresses,reference-the-label-table-borrows-names-and-owns-addresses,chapters/22-two-pass-assembly-and-bootstrap-handoff.md#rewind-the-reading-position-keep-the-discoveries
130-asm.fth,bbcc1732152af2d884737272eed870d2410ffe8e,f1aec439017467a377af636b3b619e7cbb72188a,411,427,C22,Token diagnostic path and distinct fit-policy contract,C21 parser limitations remain separate from C22 fit checking.,asm-tok-err,chapters/22-two-pass-assembly-and-bootstrap-handoff.md,taught,https://github.com/delta9000/seed-forth/blob/bbcc1732152af2d884737272eed870d2410ffe8e/130-asm.fth#L411-L427,R24,token failure during validation or resolution,diagnostic fd 2 and process exit status,Token failures attempt to print the token and one LF before exit; the adjacent contract distinguishes numeric bounds from label bounds.,Diagnostic writes are unchecked; capacity failures use die directly rather than this token-print path; the table comments are bounded to the implemented field policy.,"asm-tok-err (colon, L412-L415): attempts token and LF writes to fd 2 before terminating with its supplied code",,Failures have a phase as well as a code,failures-have-a-phase-as-well-as-a-code,chapters/22-two-pass-assembly-and-bootstrap-handoff.md#accepted-values-are-not-quite-the-usual-field-ranges
130-asm.fth,bbcc1732152af2d884737272eed870d2410ffe8e,f1aec439017467a377af636b3b619e7cbb72188a,428,472,C22,"Range state, width half-range, label/numeric limits and fit gate",A value passing this policy can still truncate to the emitted width; !256 yields low byte 00.,asm-fit-lo; asm-fit-hi; asm-half; asm-label-bounds; asm-number-bounds; asm-fit,chapters/22-two-pass-assembly-and-bootstrap-handoff.md,taught,https://github.com/delta9000/seed-forth/blob/bbcc1732152af2d884737272eed870d2410ffe8e/130-asm.fth#L428-L472,R25,assembly pass 2 fit checking,inclusive range-bound scratch cells,Half-range arithmetic produces the actual label/numeric limits; the fit gate skips all width-four checks rather than imposing an invented 32-bit range.,"Label relative bounds are signed; numeric limits deliberately differ, including !-129 through !256; use bounded cell arithmetic and the stated 1-4-byte widths.","asm-fit-lo (variable, L428-L428): holds the selected inclusive low fit limit; asm-fit-hi (variable, L429-L429): holds the selected inclusive high fit limit; asm-half (colon, L433-L440): forms 128 * 256^(width - 1) for the bounded widths used by reference dispatch; asm-label-bounds (colon, L444-L451): sets signed bounds for relative label fields or zero through twice-half minus one for absolute fields; asm-number-bounds (colon, L456-L462): sets the source-specific numeric lower bound to minus-half minus one and doubles the upper half for width one or absolute fields; asm-fit (colon, L466-L472): preserves width/value on success; checks stored bounds only when width is less than four and emits a token error if a checked value is outside them",,Accepted values are not quite the usual field ranges,accepted-values-are-not-quite-the-usual-field-ranges,chapters/22-two-pass-assembly-and-bootstrap-handoff.md#reference-emit-low-bytes-without-changing-their-meaning
130-asm.fth,bbcc1732152af2d884737272eed870d2410ffe8e,f1aec439017467a377af636b3b619e7cbb72188a,473,491,C22,Sigil/reference contracts and token-body slice,"Widths/modes: !1 relative, @2 relative, ~3 relative, %4 relative, $2 absolute, &4 absolute.",asm-ref-name,chapters/22-two-pass-assembly-and-bootstrap-handoff.md,taught,https://github.com/delta9000/seed-forth/blob/bbcc1732152af2d884737272eed870d2410ffe8e/130-asm.fth#L473-L491,R26,assembly reference interface,current token slice and field-format parameters,"The sigil determines fixed width and label-relative/absolute interpretation, while asm-ref-name exposes the body without the sigil.",Numeric bodies are immediates even for relative sigils; only percent gains explicit-base label subtraction.,"asm-ref-name (colon, L490-L490): returns the current token slice after its one-byte sigil",,"Reference: six sigils, three meanings",reference-six-sigils-three-meanings,chapters/22-two-pass-assembly-and-bootstrap-handoff.md#an-explicit-base-names-the-subtraction-point
130-asm.fth,bbcc1732152af2d884737272eed870d2410ffe8e,f1aec439017467a377af636b3b619e7cbb72188a,492,518,C22,"Count then resolve numeric/label reference, relative field-end arithmetic",Undefined-name exit code is a dispatcher parameter; 244 denotes label fit and 245 numeric fit.,asm-do-ref,chapters/22-two-pass-assembly-and-bootstrap-handoff.md,taught,https://github.com/delta9000/seed-forth/blob/bbcc1732152af2d884737272eed870d2410ffe8e/130-asm.fth#L492-L518,R27,assembly pass 1 sizing; pass 2 resolution/emission,"IP, completed labels, fit bounds and output","Known widths permit sizing before lookup; pass 2 subtracts IP plus width for relative labels, never for numeric immediates.",An undefined label or fit failure can stop pass 2 after pass 1 succeeded; token-boundary IP agreement requires unchanged input and successful processing.,"asm-do-ref (colon, L496-L517): counts width in pass 1; in pass 2 converts a number or looks up a label, applies field-end subtraction only for relative labels, checks the chosen bounds and emits",,"Reference: six sigils, three meanings",reference-six-sigils-three-meanings,chapters/22-two-pass-assembly-and-bootstrap-handoff.md#fill-the-forward-field-from-its-end; chapters/22-two-pass-assembly-and-bootstrap-handoff.md#accepted-values-are-not-quite-the-usual-field-ranges; chapters/21-assembler-input-and-expansion.md#trace-the-whole-number-parser
130-asm.fth,bbcc1732152af2d884737272eed870d2410ffe8e,f1aec439017467a377af636b3b619e7cbb72188a,519,542,C22,Explicit two-label difference and generic percent fallback,Numeric percent bodies bypass > splitting; ordinary %label uses undefined-name code 234.,asm-do-pct-ref,chapters/22-two-pass-assembly-and-bootstrap-handoff.md,taught,https://github.com/delta9000/seed-forth/blob/bbcc1732152af2d884737272eed870d2410ffe8e/130-asm.fth#L519-L542,R28,assembly pass 1 sizing; pass 2 percent resolution,"two borrowed label names, IP and output","The explicit form computes target minus base, without field-IP subtraction, and otherwise falls back to the ordinary four-byte relative form.","Explicit-base syntax requires two labels; target is checked first (233), then base (232); width-four results emit low four bytes without fit checking.","asm-do-pct-ref (colon, L521-L541): resolves two labels for nonnumeric pass-2 %target>base, emits their difference, or delegates to the generic four-byte relative handler",,An explicit base names the subtraction point,an-explicit-base-names-the-subtraction-point,chapters/22-two-pass-assembly-and-bootstrap-handoff.md#reference-six-sigils-three-meanings
130-asm.fth,bbcc1732152af2d884737272eed870d2410ffe8e,f1aec439017467a377af636b3b619e7cbb72188a,543,560,C22,Bare-hex validation and even-length invariant,"This guards later bare-pair conversion, not C21 numeric conversion.",asm-check-hex,chapters/22-two-pass-assembly-and-bootstrap-handoff.md,taught,https://github.com/delta9000/seed-forth/blob/bbcc1732152af2d884737272eed870d2410ffe8e/130-asm.fth#L543-L560,R29,assembly pass 1 bare-token validation,hex scan index and staged token,Checking characters before parity means a nonhex token fails 246; only an all-hex odd-length token reaches 247.,Whole byte pairs must occur within each token; no nibble accumulation across whitespace; a misspelled name that is valid even-length hex can be bytes.,"asm-check-hex (colon, L547-L559): checks every character before checking even length, using 246 for a nonhex character and 247 for odd valid-hex length",,Reference: the pass loop gives every token one owner,reference-the-pass-loop-gives-every-token-one-owner,chapters/22-two-pass-assembly-and-bootstrap-handoff.md#why-both-walks-agree-at-each-token-boundary
130-asm.fth,bbcc1732152af2d884737272eed870d2410ffe8e,f1aec439017467a377af636b3b619e7cbb72188a,561,580,C22,"Bare-hex count in pass 1, pair decoding/emission in pass 2",The shared invariant is IP equals base plus emitted count at successful pass-2 token boundaries.,asm-do-hex,chapters/22-two-pass-assembly-and-bootstrap-handoff.md,taught,https://github.com/delta9000/seed-forth/blob/bbcc1732152af2d884737272eed870d2410ffe8e/130-asm.fth#L561-L580,R30,assembly pass 1 sizing; pass 2 emission,"IP, bare-hex index and output sink",A token of two-n characters counts n in pass 1 and emits exactly n combined high/low nibble bytes in pass 2.,Pass 2 relies on validation of the identical expanded text during pass 1.,"asm-do-hex (colon, L563-L579): validates and counts pairs in pass 1; in pass 2 combines high/low nibbles and advances output position and IP for each byte",,Reference: the pass loop gives every token one owner,reference-the-pass-loop-gives-every-token-one-owner,chapters/22-two-pass-assembly-and-bootstrap-handoff.md#why-both-walks-agree-at-each-token-boundary
130-asm.fth,bbcc1732152af2d884737272eed870d2410ffe8e,f1aec439017467a377af636b3b619e7cbb72188a,581,595,C22,First-character token dispatch and undefined-label code parameters,"Undefined-name codes: &231, %234, !235, @236, ~237, $238; percent explicit-base cases use 232/233.",asm-process-token,chapters/22-two-pass-assembly-and-bootstrap-handoff.md,taught,https://github.com/delta9000/seed-forth/blob/bbcc1732152af2d884737272eed870d2410ffe8e/130-asm.fth#L581-L595,R31,both assembly passes,staged token and handler parameters,First-character dispatch chooses label/sigil handling; every other nonempty token reaches the bare-hex path.,Only the six listed sigils are implemented; no ISA decoder or ELF validation determines field choice.,"asm-process-token (colon, L584-L594): stages a nonempty token, dispatches colon and six sigils with their widths/modes/error codes, and otherwise chooses bare hex",,Reference: the pass loop gives every token one owner,reference-the-pass-loop-gives-every-token-one-owner,chapters/22-two-pass-assembly-and-bootstrap-handoff.md#reference-six-sigils-three-meanings; chapters/22-two-pass-assembly-and-bootstrap-handoff.md#failures-have-a-phase-as-well-as-a-code
130-asm.fth,bbcc1732152af2d884737272eed870d2410ffe8e,f1aec439017467a377af636b3b619e7cbb72188a,596,610,C22,Pass loop and initial IP/label-count reset,C21 owns asm-read-token; C22 composes its nonempty slices with dispatch.,asm-pass-loop; asm-init,chapters/22-two-pass-assembly-and-bootstrap-handoff.md,taught,https://github.com/delta9000/seed-forth/blob/bbcc1732152af2d884737272eed870d2410ffe8e/130-asm.fth#L596-L610,R32,assembly pass initialization and token walking,"pass flag, IP, label count and active cursor","One loop serves both passes; initial IP/count reset belongs before pass 1, while the driver performs a narrower reset before pass 2.","Loop termination uses returned length zero; asm-init does not choose a buffer, rewind its cursor or initialize output position.","asm-pass-loop (colon, L600-L605): reads tokens until zero length and dispatches each nonempty token under the current pass flag; asm-init (colon, L607-L609): copies base into IP and clears the label count before pass 1, which is why it must not be reused at the pass-2 rewind",,Reference: the pass loop gives every token one owner,reference-the-pass-loop-gives-every-token-one-owner,chapters/22-two-pass-assembly-and-bootstrap-handoff.md#reference-the-caller-starts-three-walks-not-two-expansions; chapters/22-two-pass-assembly-and-bootstrap-handoff.md#rewind-the-reading-position-keep-the-discoveries; chapters/21-assembler-input-and-expansion.md#a-quote-gets-its-special-role-at-token-start
130-asm.fth,bbcc1732152af2d884737272eed870d2410ffe8e,f1aec439017467a377af636b3b619e7cbb72188a,611,625,C21,One-pass expansion contract and definition record/table storage,C22 label records have three cells and are complete before their lookups begin.,asm-def-rec-size; asm-def-cap; asm-defs; asm-def-count,chapters/21-assembler-input-and-expansion.md,taught,https://github.com/delta9000/seed-forth/blob/bbcc1732152af2d884737272eed870d2410ffe8e/130-asm.fth#L611-L625,R33,source loading allocates; expansion fills,definition table borrowing raw input,Four 8-byte fields preserve name/body slices; only preceding definitions have been stored when a use is encountered in the single raw walk.,"Capacity is 4096 records; definition replacement is one pass, not recursive macro rescanning.","asm-def-rec-size (constant, L621-L621): sets each four-cell definition record to 32 bytes; asm-def-cap (constant, L622-L622): sets definition capacity to 4096 records; asm-defs (create, L623-L623): reserves records borrowing raw name/body slices rather than copying their text; asm-def-count (variable, L624-L624): counts only definitions already encountered in the one-way raw-input walk",,Lay out one record completely,lay-out-one-record-completely,chapters/21-assembler-input-and-expansion.md#search-backward-through-what-exists-now; chapters/21-assembler-input-and-expansion.md#dispatch-once-then-move-on
130-asm.fth,bbcc1732152af2d884737272eed870d2410ffe8e,f1aec439017467a377af636b3b619e7cbb72188a,626,639,C21,Definition indexing and bounded four-cell record append,DEFINE dispatch obtains two further tokens and passes their slices here.,asm-def-rec; asm-def-store,chapters/21-assembler-input-and-expansion.md,taught,https://github.com/delta9000/seed-forth/blob/bbcc1732152af2d884737272eed870d2410ffe8e/130-asm.fth#L626-L639,R34,expansion definition handling,definition records and count,The next 32-byte slot receives body length/address and name length/address before the incremented count makes it searchable.,Raw input remains unchanged; appending beyond 4096 records fails 243; the storage helper does not validate name/body grammar.,"asm-def-rec (colon, L626-L626): computes asm-defs plus index times the 32-byte definition record size; asm-def-store (colon, L630-L638): checks capacity, stores raw name address/length and body address/length at offsets 0/8/16/24, then increments count",,Lay out one record completely,lay-out-one-record-completely,
130-asm.fth,bbcc1732152af2d884737272eed870d2410ffe8e,f1aec439017467a377af636b3b619e7cbb72188a,640,661,C21,Newest preceding definition lookup,C22 reverse label search instead sees the entire completed table.,asm-deff-addr; asm-deff-len; asm-def-find,chapters/21-assembler-input-and-expansion.md,taught,https://github.com/delta9000/seed-forth/blob/bbcc1732152af2d884737272eed870d2410ffe8e/130-asm.fth#L640-L661,R35,expansion ordinary-token lookup,definition lookup scratch and currently stored records,"Reverse search lets a later preceding DEFINE shadow an earlier one, then returns the body slice for one literal copy.",Definitions appearing after a use cannot retroactively change it; scratch is reused rather than reentrant; missing lookup returns three zeros.,"asm-deff-addr (variable, L640-L640): holds the borrowed query-name address during definition lookup; asm-deff-len (variable, L641-L641): holds query-name length during definition lookup; asm-def-find (colon, L645-L660): scans definitions already stored newest first, checks exact length/bytes and returns body slice/true or zero/zero/false",,Search backward through what exists now,search-backward-through-what-exists-now,chapters/21-assembler-input-and-expansion.md#why-neither-owner-may-move-yet
130-asm.fth,bbcc1732152af2d884737272eed870d2410ffe8e,f1aec439017467a377af636b3b619e7cbb72188a,662,672,C21,Stored DEFINE keyword and exact keyword recognition,The driver tests DEFINE before handling direct strings or user-defined names.,asm-define-kw; asm-is-define?,chapters/21-assembler-input-and-expansion.md,taught,https://github.com/delta9000/seed-forth/blob/bbcc1732152af2d884737272eed870d2410ffe8e/130-asm.fth#L662-L672,R36,source loading initializes keyword; expansion tests tokens,six keyword bytes and candidate slice,"Length guards an exact six-byte comparison, making DEFINE case-sensitive and distinct from ordinary definition lookup.",Keyword bytes are not a NUL-terminated string; lowercase define takes the ordinary-token path.,"asm-define-kw (create, L663-L663): creates the six literal bytes DEFINE without a required NUL terminator; asm-is-define? (colon, L666-L671): requires length six and exact byte equality with the stored uppercase keyword",,"Dispatch once, then move on",dispatch-once-then-move-on,
130-asm.fth,bbcc1732152af2d884737272eed870d2410ffe8e,f1aec439017467a377af636b3b619e7cbb72188a,673,687,C21,Expansion-copy scratch state and counted byte copying,Both unexpanded ordinary tokens and matched definition bodies use this helper.,asm-cp-addr; asm-cp-len; asm-cp-i; asm-exp-bytes,chapters/21-assembler-input-and-expansion.md,taught,https://github.com/delta9000/seed-forth/blob/bbcc1732152af2d884737272eed870d2410ffe8e/130-asm.fth#L673-L687,R37,expansion literal copying,copy scratch and expanded-text sink,A counted copy appends the supplied source slice without recursively interpreting what its copied bytes spell.,Caller decides separators; the helper itself neither appends a separator nor rescans a copied quote or alias.,"asm-cp-addr (variable, L673-L673): holds the input slice address during literal copying or direct-string translation; asm-cp-len (variable, L674-L674): holds that slice length, including delimiters for a quoted token; asm-cp-i (variable, L675-L675): holds the next copy/translation index, starting at zero for ordinary bytes and one after a quote opener; asm-exp-bytes (colon, L678-L686): copies exactly the supplied slice into expanded storage via checked byte appends; it does not rescan definitions",,Later session: open the two copy operations,later-session-open-the-two-copy-operations,chapters/21-assembler-input-and-expansion.md#copy-a-body-as-text
130-asm.fth,bbcc1732152af2d884737272eed870d2410ffe8e,f1aec439017467a377af636b3b619e7cbb72188a,688,695,C21,Nibble-to-uppercase-hex character encoding,Only the direct double-quote encoder splits body bytes into these nibbles.,asm-hex-digit,chapters/21-assembler-input-and-expansion.md,taught,https://github.com/delta9000/seed-forth/blob/bbcc1732152af2d884737272eed870d2410ffe8e/130-asm.fth#L688-L695,R38,expansion direct double-quote encoding,stateless nibble-to-text conversion,Map each nibble to its uppercase text digit so a body byte can be represented by two characters in expanded input.,Input must be a nibble 0-15; this is the inverse representation direction from hex-val.,"asm-hex-digit (colon, L689-L694): maps a nibble from zero through fifteen to uppercase ASCII hex spelling",,Encode a body as hexadecimal text,encode-a-body-as-hexadecimal-text,chapters/21-assembler-input-and-expansion.md#convert-digits-only-under-a-valid-input-contract
130-asm.fth,bbcc1732152af2d884737272eed870d2410ffe8e,f1aec439017467a377af636b3b619e7cbb72188a,696,715,C21,Direct double-quote body encoding and NUL terminator,A quoted DEFINE body copied by asm-exp-bytes does not enter this direct-string branch.,asm-exp-string-double,chapters/21-assembler-input-and-expansion.md,taught,https://github.com/delta9000/seed-forth/blob/bbcc1732152af2d884737272eed870d2410ffe8e/130-asm.fth#L696-L715,R39,expansion direct double-quote handling,"copy scratch, raw quoted slice and expanded text",Each body byte grows into two uppercase hex digits plus space; an extra 00 token requests the eventual terminating zero byte.,Input slice includes two matched delimiters; no escapes are decoded; byte encodings are not emitted machine bytes yet.,"asm-exp-string-double (colon, L700-L714): skips matched delimiters, encodes each body byte as two uppercase hex characters plus space, then appends 00 and space",,Encode a body as hexadecimal text,encode-a-body-as-hexadecimal-text,chapters/21-assembler-input-and-expansion.md#matching-delimiters-are-a-premise-not-a-diagnosed-guarantee
130-asm.fth,bbcc1732152af2d884737272eed870d2410ffe8e,f1aec439017467a377af636b3b619e7cbb72188a,716,728,C21,Direct single-quote verbatim text insertion,This is a direct-token path; copied quoted definition bodies retain their quote characters.,asm-exp-string-single,chapters/21-assembler-input-and-expansion.md,taught,https://github.com/delta9000/seed-forth/blob/bbcc1732152af2d884737272eed870d2410ffe8e/130-asm.fth#L716-L728,R40,expansion direct single-quote handling,"copy scratch, raw quoted slice and expanded text","Remove two matched delimiters and insert the body as text plus one separator, allowing multiple later assembly tokens in that body.",No implicit NUL is added; interior whitespace/comment characters are copied and may be interpreted by the next assembly-token reader.,"asm-exp-string-single (colon, L718-L727): skips matched delimiters, copies the body as text unchanged and appends one space without adding a NUL token",,Copy a body as text,copy-a-body-as-text,chapters/21-assembler-input-and-expansion.md#matching-delimiters-are-a-premise-not-a-diagnosed-guarantee; chapters/21-assembler-input-and-expansion.md#change-the-quotes-then-keep-the-question
130-asm.fth,bbcc1732152af2d884737272eed870d2410ffe8e,f1aec439017467a377af636b3b619e7cbb72188a,729,763,C21,"Expansion driver, definition/quote/macro dispatch and separators",Output keeps numeric sigils and symbolic labels for C22; this internal stream is not stock M1 fully lowered hex2 output.,asm-expand-pass,chapters/21-assembler-input-and-expansion.md,taught,https://github.com/delta9000/seed-forth/blob/bbcc1732152af2d884737272eed870d2410ffe8e/130-asm.fth#L729-L763,R41,one expansion walk over raw input,definition state and expanded-text output,"Dispatch order is DEFINE, direct double quote, direct single quote, then one newest-preceding definition lookup or literal copy.",Caller selected raw input; DEFINE consumes two tokens without completeness checks; copied bodies are not rescanned; capacity errors can stop expansion.,"asm-expand-pass (colon, L731-L762): clears expansion length and definition count, consumes raw tokens once, handles DEFINE/direct quotes before one definition lookup, then separates copied ordinary tokens",,"Dispatch once, then move on",dispatch-once-then-move-on,chapters/21-assembler-input-and-expansion.md#finish-the-same-walk; chapters/21-assembler-input-and-expansion.md#the-boundary-we-hand-to-the-next-chapter; chapters/22-two-pass-assembly-and-bootstrap-handoff.md#first-find-positions-without-filling-the-fields
130-asm.fth,bbcc1732152af2d884737272eed870d2410ffe8e,f1aec439017467a377af636b3b619e7cbb72188a,764,785,C22,"Output-path data, three-walk driver, reset boundary and caller invocation contract","The driver performs three token walks: expansion, sizing and emission. A supplied ELF envelope, if any, is part of input rather than manufactured here.",asm-out-path; asm-main,chapters/22-two-pass-assembly-and-bootstrap-handoff.md,taught,https://github.com/delta9000/seed-forth/blob/bbcc1732152af2d884737272eed870d2410ffe8e/130-asm.fth#L764-L785,R42,source loading creates path; driver orchestrates load/expand/two passes/store,"raw/expanded/output buffers, tables, cursor, IP and process","The complete reset sequence preserves expanded bytes and label table between counting and emission, then attempts the fixed-path write and exits.",The source file defines asm-main without invoking it; caller must invoke after the Forth prelude and separate it from assembly input; pre-output failure can leave an older path untouched.,"asm-out-path (create, L765-L765): creates twelve path characters /tmp/asm-out followed by one NUL byte, thirteen bytes total; asm-main (colon, L767-L781): loads, expands, counts labels, rewinds while preserving labels, emits, attempts output storage and exits the seed process",,"Reference: the caller starts three walks, not two expansions",reference-the-caller-starts-three-walks-not-two-expansions,chapters/22-two-pass-assembly-and-bootstrap-handoff.md#reference-a-complete-buffer-is-followed-by-a-write-attempt; chapters/22-two-pass-assembly-and-bootstrap-handoff.md#rewind-the-reading-position-keep-the-discoveries
