source_path,source_revision,source_blob_sha,name,declaration_kind,source_line,teaching_unit,manuscript_path,source_url
080-cc-elf.fth,bbcc1732152af2d884737272eed870d2410ffe8e,f4946890c4a2fde5a1e809ce6ae649fd20f6ca0e,cc-base-vaddr,constant,9,C09,chapters/09-instructions-inside-an-executable.md,https://github.com/delta9000/seed-forth/blob/bbcc1732152af2d884737272eed870d2410ffe8e/080-cc-elf.fth#L9
080-cc-elf.fth,bbcc1732152af2d884737272eed870d2410ffe8e,f4946890c4a2fde5a1e809ce6ae649fd20f6ca0e,cc-entry-vaddr,constant,10,C09,chapters/09-instructions-inside-an-executable.md,https://github.com/delta9000/seed-forth/blob/bbcc1732152af2d884737272eed870d2410ffe8e/080-cc-elf.fth#L10
080-cc-elf.fth,bbcc1732152af2d884737272eed870d2410ffe8e,f4946890c4a2fde5a1e809ce6ae649fd20f6ca0e,cc-here-vaddr,colon,14,C09,chapters/09-instructions-inside-an-executable.md,https://github.com/delta9000/seed-forth/blob/bbcc1732152af2d884737272eed870d2410ffe8e/080-cc-elf.fth#L14
080-cc-elf.fth,bbcc1732152af2d884737272eed870d2410ffe8e,f4946890c4a2fde5a1e809ce6ae649fd20f6ca0e,cc-filesz-offset,constant,18,C09,chapters/09-instructions-inside-an-executable.md,https://github.com/delta9000/seed-forth/blob/bbcc1732152af2d884737272eed870d2410ffe8e/080-cc-elf.fth#L18
080-cc-elf.fth,bbcc1732152af2d884737272eed870d2410ffe8e,f4946890c4a2fde5a1e809ce6ae649fd20f6ca0e,cc-memsz-offset,constant,19,C09,chapters/09-instructions-inside-an-executable.md,https://github.com/delta9000/seed-forth/blob/bbcc1732152af2d884737272eed870d2410ffe8e/080-cc-elf.fth#L19
080-cc-elf.fth,bbcc1732152af2d884737272eed870d2410ffe8e,f4946890c4a2fde5a1e809ce6ae649fd20f6ca0e,cc-emit-elf-header,colon,23,C09,chapters/09-instructions-inside-an-executable.md,https://github.com/delta9000/seed-forth/blob/bbcc1732152af2d884737272eed870d2410ffe8e/080-cc-elf.fth#L23
080-cc-elf.fth,bbcc1732152af2d884737272eed870d2410ffe8e,f4946890c4a2fde5a1e809ce6ae649fd20f6ca0e,cc-bss-size,variable,63,C09,chapters/09-instructions-inside-an-executable.md,https://github.com/delta9000/seed-forth/blob/bbcc1732152af2d884737272eed870d2410ffe8e/080-cc-elf.fth#L63
080-cc-elf.fth,bbcc1732152af2d884737272eed870d2410ffe8e,f4946890c4a2fde5a1e809ce6ae649fd20f6ca0e,cc-finalize-elf,colon,73,C09,chapters/09-instructions-inside-an-executable.md,https://github.com/delta9000/seed-forth/blob/bbcc1732152af2d884737272eed870d2410ffe8e/080-cc-elf.fth#L73
090-cc-emit.fth,bbcc1732152af2d884737272eed870d2410ffe8e,55d922e8f36c1367fe27629cbd2edd8d8a577b84,cc-emit-mov-rdi-imm32,colon,21,C09,chapters/09-instructions-inside-an-executable.md,https://github.com/delta9000/seed-forth/blob/bbcc1732152af2d884737272eed870d2410ffe8e/090-cc-emit.fth#L21
090-cc-emit.fth,bbcc1732152af2d884737272eed870d2410ffe8e,55d922e8f36c1367fe27629cbd2edd8d8a577b84,cc-emit-track-noop,colon,32,C09,chapters/09-instructions-inside-an-executable.md,https://github.com/delta9000/seed-forth/blob/bbcc1732152af2d884737272eed870d2410ffe8e/090-cc-emit.fth#L32
090-cc-emit.fth,bbcc1732152af2d884737272eed870d2410ffe8e,55d922e8f36c1367fe27629cbd2edd8d8a577b84,cc-emit-track-push-fwd,defer,33,C09,chapters/09-instructions-inside-an-executable.md,https://github.com/delta9000/seed-forth/blob/bbcc1732152af2d884737272eed870d2410ffe8e/090-cc-emit.fth#L33
090-cc-emit.fth,bbcc1732152af2d884737272eed870d2410ffe8e,55d922e8f36c1367fe27629cbd2edd8d8a577b84,cc-emit-track-pop-fwd,defer,34,C09,chapters/09-instructions-inside-an-executable.md,https://github.com/delta9000/seed-forth/blob/bbcc1732152af2d884737272eed870d2410ffe8e/090-cc-emit.fth#L34
090-cc-emit.fth,bbcc1732152af2d884737272eed870d2410ffe8e,55d922e8f36c1367fe27629cbd2edd8d8a577b84,cc-emit-push-rdi,colon,39,C09,chapters/09-instructions-inside-an-executable.md,https://github.com/delta9000/seed-forth/blob/bbcc1732152af2d884737272eed870d2410ffe8e/090-cc-emit.fth#L39
090-cc-emit.fth,bbcc1732152af2d884737272eed870d2410ffe8e,55d922e8f36c1367fe27629cbd2edd8d8a577b84,cc-emit-pop-rdi,colon,42,C09,chapters/09-instructions-inside-an-executable.md,https://github.com/delta9000/seed-forth/blob/bbcc1732152af2d884737272eed870d2410ffe8e/090-cc-emit.fth#L42
090-cc-emit.fth,bbcc1732152af2d884737272eed870d2410ffe8e,55d922e8f36c1367fe27629cbd2edd8d8a577b84,cc-emit-pop-rsi,colon,45,C09,chapters/09-instructions-inside-an-executable.md,https://github.com/delta9000/seed-forth/blob/bbcc1732152af2d884737272eed870d2410ffe8e/090-cc-emit.fth#L45
090-cc-emit.fth,bbcc1732152af2d884737272eed870d2410ffe8e,55d922e8f36c1367fe27629cbd2edd8d8a577b84,cc-emit-pop-rdx,colon,48,C09,chapters/09-instructions-inside-an-executable.md,https://github.com/delta9000/seed-forth/blob/bbcc1732152af2d884737272eed870d2410ffe8e/090-cc-emit.fth#L48
090-cc-emit.fth,bbcc1732152af2d884737272eed870d2410ffe8e,55d922e8f36c1367fe27629cbd2edd8d8a577b84,cc-emit-pop-rcx,colon,51,C09,chapters/09-instructions-inside-an-executable.md,https://github.com/delta9000/seed-forth/blob/bbcc1732152af2d884737272eed870d2410ffe8e/090-cc-emit.fth#L51
090-cc-emit.fth,bbcc1732152af2d884737272eed870d2410ffe8e,55d922e8f36c1367fe27629cbd2edd8d8a577b84,cc-emit-pop-r8,colon,54,C09,chapters/09-instructions-inside-an-executable.md,https://github.com/delta9000/seed-forth/blob/bbcc1732152af2d884737272eed870d2410ffe8e/090-cc-emit.fth#L54
090-cc-emit.fth,bbcc1732152af2d884737272eed870d2410ffe8e,55d922e8f36c1367fe27629cbd2edd8d8a577b84,cc-emit-pop-r9,colon,57,C09,chapters/09-instructions-inside-an-executable.md,https://github.com/delta9000/seed-forth/blob/bbcc1732152af2d884737272eed870d2410ffe8e/090-cc-emit.fth#L57
090-cc-emit.fth,bbcc1732152af2d884737272eed870d2410ffe8e,55d922e8f36c1367fe27629cbd2edd8d8a577b84,cc-emit-push-rbx,colon,61,C09,chapters/09-instructions-inside-an-executable.md,https://github.com/delta9000/seed-forth/blob/bbcc1732152af2d884737272eed870d2410ffe8e/090-cc-emit.fth#L61
090-cc-emit.fth,bbcc1732152af2d884737272eed870d2410ffe8e,55d922e8f36c1367fe27629cbd2edd8d8a577b84,cc-emit-pop-rbx,colon,62,C09,chapters/09-instructions-inside-an-executable.md,https://github.com/delta9000/seed-forth/blob/bbcc1732152af2d884737272eed870d2410ffe8e/090-cc-emit.fth#L62
090-cc-emit.fth,bbcc1732152af2d884737272eed870d2410ffe8e,55d922e8f36c1367fe27629cbd2edd8d8a577b84,cc-disp8-from-slot,colon,78,C09,chapters/09-instructions-inside-an-executable.md,https://github.com/delta9000/seed-forth/blob/bbcc1732152af2d884737272eed870d2410ffe8e/090-cc-emit.fth#L78
090-cc-emit.fth,bbcc1732152af2d884737272eed870d2410ffe8e,55d922e8f36c1367fe27629cbd2edd8d8a577b84,cc-emit-local-ea,colon,88,C09,chapters/09-instructions-inside-an-executable.md,https://github.com/delta9000/seed-forth/blob/bbcc1732152af2d884737272eed870d2410ffe8e/090-cc-emit.fth#L88
090-cc-emit.fth,bbcc1732152af2d884737272eed870d2410ffe8e,55d922e8f36c1367fe27629cbd2edd8d8a577b84,cc-emit-load-local,colon,99,C09,chapters/09-instructions-inside-an-executable.md,https://github.com/delta9000/seed-forth/blob/bbcc1732152af2d884737272eed870d2410ffe8e/090-cc-emit.fth#L99
090-cc-emit.fth,bbcc1732152af2d884737272eed870d2410ffe8e,55d922e8f36c1367fe27629cbd2edd8d8a577b84,cc-emit-store-local,colon,105,C09,chapters/09-instructions-inside-an-executable.md,https://github.com/delta9000/seed-forth/blob/bbcc1732152af2d884737272eed870d2410ffe8e/090-cc-emit.fth#L105
090-cc-emit.fth,bbcc1732152af2d884737272eed870d2410ffe8e,55d922e8f36c1367fe27629cbd2edd8d8a577b84,cc-emit-lea-rdi-local,colon,113,C09,chapters/09-instructions-inside-an-executable.md,https://github.com/delta9000/seed-forth/blob/bbcc1732152af2d884737272eed870d2410ffe8e/090-cc-emit.fth#L113
090-cc-emit.fth,bbcc1732152af2d884737272eed870d2410ffe8e,55d922e8f36c1367fe27629cbd2edd8d8a577b84,cc-emit-load-via-rdi,colon,121,C09,chapters/09-instructions-inside-an-executable.md,https://github.com/delta9000/seed-forth/blob/bbcc1732152af2d884737272eed870d2410ffe8e/090-cc-emit.fth#L121
090-cc-emit.fth,bbcc1732152af2d884737272eed870d2410ffe8e,55d922e8f36c1367fe27629cbd2edd8d8a577b84,cc-emit-load-byte-via-rdi,colon,129,C09,chapters/09-instructions-inside-an-executable.md,https://github.com/delta9000/seed-forth/blob/bbcc1732152af2d884737272eed870d2410ffe8e/090-cc-emit.fth#L129
090-cc-emit.fth,bbcc1732152af2d884737272eed870d2410ffe8e,55d922e8f36c1367fe27629cbd2edd8d8a577b84,cc-emit-zx-byte-rdi,colon,138,C09,chapters/09-instructions-inside-an-executable.md,https://github.com/delta9000/seed-forth/blob/bbcc1732152af2d884737272eed870d2410ffe8e/090-cc-emit.fth#L138
090-cc-emit.fth,bbcc1732152af2d884737272eed870d2410ffe8e,55d922e8f36c1367fe27629cbd2edd8d8a577b84,cc-emit-store-via-rcx,colon,147,C09,chapters/09-instructions-inside-an-executable.md,https://github.com/delta9000/seed-forth/blob/bbcc1732152af2d884737272eed870d2410ffe8e/090-cc-emit.fth#L147
090-cc-emit.fth,bbcc1732152af2d884737272eed870d2410ffe8e,55d922e8f36c1367fe27629cbd2edd8d8a577b84,cc-emit-store-byte-via-rcx,colon,155,C09,chapters/09-instructions-inside-an-executable.md,https://github.com/delta9000/seed-forth/blob/bbcc1732152af2d884737272eed870d2410ffe8e/090-cc-emit.fth#L155
090-cc-emit.fth,bbcc1732152af2d884737272eed870d2410ffe8e,55d922e8f36c1367fe27629cbd2edd8d8a577b84,cc-emit-shl-rdi-imm8,colon,163,C09,chapters/09-instructions-inside-an-executable.md,https://github.com/delta9000/seed-forth/blob/bbcc1732152af2d884737272eed870d2410ffe8e/090-cc-emit.fth#L163
090-cc-emit.fth,bbcc1732152af2d884737272eed870d2410ffe8e,55d922e8f36c1367fe27629cbd2edd8d8a577b84,cc-emit-shl-rdi-3,colon,170,C09,chapters/09-instructions-inside-an-executable.md,https://github.com/delta9000/seed-forth/blob/bbcc1732152af2d884737272eed870d2410ffe8e/090-cc-emit.fth#L170
090-cc-emit.fth,bbcc1732152af2d884737272eed870d2410ffe8e,55d922e8f36c1367fe27629cbd2edd8d8a577b84,cc-emit-add-rdi-imm32,colon,175,C09,chapters/09-instructions-inside-an-executable.md,https://github.com/delta9000/seed-forth/blob/bbcc1732152af2d884737272eed870d2410ffe8e/090-cc-emit.fth#L175
090-cc-emit.fth,bbcc1732152af2d884737272eed870d2410ffe8e,55d922e8f36c1367fe27629cbd2edd8d8a577b84,cc-emit-store-local-from-rsi,colon,192,C10,chapters/10-calls-literals-and-deferred-addresses.md,https://github.com/delta9000/seed-forth/blob/bbcc1732152af2d884737272eed870d2410ffe8e/090-cc-emit.fth#L192
090-cc-emit.fth,bbcc1732152af2d884737272eed870d2410ffe8e,55d922e8f36c1367fe27629cbd2edd8d8a577b84,cc-emit-store-local-from-rdx,colon,197,C10,chapters/10-calls-literals-and-deferred-addresses.md,https://github.com/delta9000/seed-forth/blob/bbcc1732152af2d884737272eed870d2410ffe8e/090-cc-emit.fth#L197
090-cc-emit.fth,bbcc1732152af2d884737272eed870d2410ffe8e,55d922e8f36c1367fe27629cbd2edd8d8a577b84,cc-emit-store-local-from-rcx,colon,202,C10,chapters/10-calls-literals-and-deferred-addresses.md,https://github.com/delta9000/seed-forth/blob/bbcc1732152af2d884737272eed870d2410ffe8e/090-cc-emit.fth#L202
090-cc-emit.fth,bbcc1732152af2d884737272eed870d2410ffe8e,55d922e8f36c1367fe27629cbd2edd8d8a577b84,cc-emit-store-local-from-r8,colon,207,C10,chapters/10-calls-literals-and-deferred-addresses.md,https://github.com/delta9000/seed-forth/blob/bbcc1732152af2d884737272eed870d2410ffe8e/090-cc-emit.fth#L207
090-cc-emit.fth,bbcc1732152af2d884737272eed870d2410ffe8e,55d922e8f36c1367fe27629cbd2edd8d8a577b84,cc-emit-store-local-from-r9,colon,212,C10,chapters/10-calls-literals-and-deferred-addresses.md,https://github.com/delta9000/seed-forth/blob/bbcc1732152af2d884737272eed870d2410ffe8e/090-cc-emit.fth#L212
090-cc-emit.fth,bbcc1732152af2d884737272eed870d2410ffe8e,55d922e8f36c1367fe27629cbd2edd8d8a577b84,cc-emit-load-local-into-rax,colon,221,C10,chapters/10-calls-literals-and-deferred-addresses.md,https://github.com/delta9000/seed-forth/blob/bbcc1732152af2d884737272eed870d2410ffe8e/090-cc-emit.fth#L221
090-cc-emit.fth,bbcc1732152af2d884737272eed870d2410ffe8e,55d922e8f36c1367fe27629cbd2edd8d8a577b84,cc-emit-call-rax,colon,228,C10,chapters/10-calls-literals-and-deferred-addresses.md,https://github.com/delta9000/seed-forth/blob/bbcc1732152af2d884737272eed870d2410ffe8e/090-cc-emit.fth#L228
090-cc-emit.fth,bbcc1732152af2d884737272eed870d2410ffe8e,55d922e8f36c1367fe27629cbd2edd8d8a577b84,cc-emit-mov-rcx-rdi,colon,239,C09,chapters/09-instructions-inside-an-executable.md,https://github.com/delta9000/seed-forth/blob/bbcc1732152af2d884737272eed870d2410ffe8e/090-cc-emit.fth#L239
090-cc-emit.fth,bbcc1732152af2d884737272eed870d2410ffe8e,55d922e8f36c1367fe27629cbd2edd8d8a577b84,cc-emit-mov-rax-rdi,colon,245,C09,chapters/09-instructions-inside-an-executable.md,https://github.com/delta9000/seed-forth/blob/bbcc1732152af2d884737272eed870d2410ffe8e/090-cc-emit.fth#L245
090-cc-emit.fth,bbcc1732152af2d884737272eed870d2410ffe8e,55d922e8f36c1367fe27629cbd2edd8d8a577b84,cc-emit-mov-rdi-rax,colon,253,C09,chapters/09-instructions-inside-an-executable.md,https://github.com/delta9000/seed-forth/blob/bbcc1732152af2d884737272eed870d2410ffe8e/090-cc-emit.fth#L253
090-cc-emit.fth,bbcc1732152af2d884737272eed870d2410ffe8e,55d922e8f36c1367fe27629cbd2edd8d8a577b84,cc-emit-mov-rbx-rdi,colon,261,C09,chapters/09-instructions-inside-an-executable.md,https://github.com/delta9000/seed-forth/blob/bbcc1732152af2d884737272eed870d2410ffe8e/090-cc-emit.fth#L261
090-cc-emit.fth,bbcc1732152af2d884737272eed870d2410ffe8e,55d922e8f36c1367fe27629cbd2edd8d8a577b84,cc-emit-cmp-rbx-imm32,colon,269,C09,chapters/09-instructions-inside-an-executable.md,https://github.com/delta9000/seed-forth/blob/bbcc1732152af2d884737272eed870d2410ffe8e/090-cc-emit.fth#L269
090-cc-emit.fth,bbcc1732152af2d884737272eed870d2410ffe8e,55d922e8f36c1367fe27629cbd2edd8d8a577b84,cc-emit-xor-rax-rax,colon,276,C09,chapters/09-instructions-inside-an-executable.md,https://github.com/delta9000/seed-forth/blob/bbcc1732152af2d884737272eed870d2410ffe8e/090-cc-emit.fth#L276
090-cc-emit.fth,bbcc1732152af2d884737272eed870d2410ffe8e,55d922e8f36c1367fe27629cbd2edd8d8a577b84,cc-emit-add-rdi-rcx,colon,294,C09,chapters/09-instructions-inside-an-executable.md,https://github.com/delta9000/seed-forth/blob/bbcc1732152af2d884737272eed870d2410ffe8e/090-cc-emit.fth#L294
090-cc-emit.fth,bbcc1732152af2d884737272eed870d2410ffe8e,55d922e8f36c1367fe27629cbd2edd8d8a577b84,cc-emit-sub-rdi-rcx,colon,301,C09,chapters/09-instructions-inside-an-executable.md,https://github.com/delta9000/seed-forth/blob/bbcc1732152af2d884737272eed870d2410ffe8e/090-cc-emit.fth#L301
090-cc-emit.fth,bbcc1732152af2d884737272eed870d2410ffe8e,55d922e8f36c1367fe27629cbd2edd8d8a577b84,cc-emit-imul-rdi-rcx,colon,309,C09,chapters/09-instructions-inside-an-executable.md,https://github.com/delta9000/seed-forth/blob/bbcc1732152af2d884737272eed870d2410ffe8e/090-cc-emit.fth#L309
090-cc-emit.fth,bbcc1732152af2d884737272eed870d2410ffe8e,55d922e8f36c1367fe27629cbd2edd8d8a577b84,cc-emit-idiv-quotient,colon,321,C09,chapters/09-instructions-inside-an-executable.md,https://github.com/delta9000/seed-forth/blob/bbcc1732152af2d884737272eed870d2410ffe8e/090-cc-emit.fth#L321
090-cc-emit.fth,bbcc1732152af2d884737272eed870d2410ffe8e,55d922e8f36c1367fe27629cbd2edd8d8a577b84,cc-emit-idiv-remainder,colon,327,C09,chapters/09-instructions-inside-an-executable.md,https://github.com/delta9000/seed-forth/blob/bbcc1732152af2d884737272eed870d2410ffe8e/090-cc-emit.fth#L327
090-cc-emit.fth,bbcc1732152af2d884737272eed870d2410ffe8e,55d922e8f36c1367fe27629cbd2edd8d8a577b84,cc-emit-prologue,colon,339,C09,chapters/09-instructions-inside-an-executable.md,https://github.com/delta9000/seed-forth/blob/bbcc1732152af2d884737272eed870d2410ffe8e/090-cc-emit.fth#L339
090-cc-emit.fth,bbcc1732152af2d884737272eed870d2410ffe8e,55d922e8f36c1367fe27629cbd2edd8d8a577b84,cc-emit-restore-noop,colon,349,C09,chapters/09-instructions-inside-an-executable.md,https://github.com/delta9000/seed-forth/blob/bbcc1732152af2d884737272eed870d2410ffe8e/090-cc-emit.fth#L349
090-cc-emit.fth,bbcc1732152af2d884737272eed870d2410ffe8e,55d922e8f36c1367fe27629cbd2edd8d8a577b84,cc-emit-restore-callee-fwd,defer,350,C09,chapters/09-instructions-inside-an-executable.md,https://github.com/delta9000/seed-forth/blob/bbcc1732152af2d884737272eed870d2410ffe8e/090-cc-emit.fth#L350
090-cc-emit.fth,bbcc1732152af2d884737272eed870d2410ffe8e,55d922e8f36c1367fe27629cbd2edd8d8a577b84,cc-emit-epilogue,colon,353,C09,chapters/09-instructions-inside-an-executable.md,https://github.com/delta9000/seed-forth/blob/bbcc1732152af2d884737272eed870d2410ffe8e/090-cc-emit.fth#L353
090-cc-emit.fth,bbcc1732152af2d884737272eed870d2410ffe8e,55d922e8f36c1367fe27629cbd2edd8d8a577b84,cc-emit-cmp-set,colon,373,C09,chapters/09-instructions-inside-an-executable.md,https://github.com/delta9000/seed-forth/blob/bbcc1732152af2d884737272eed870d2410ffe8e/090-cc-emit.fth#L373
090-cc-emit.fth,bbcc1732152af2d884737272eed870d2410ffe8e,55d922e8f36c1367fe27629cbd2edd8d8a577b84,cc-emit-cmp-eq,colon,381,C09,chapters/09-instructions-inside-an-executable.md,https://github.com/delta9000/seed-forth/blob/bbcc1732152af2d884737272eed870d2410ffe8e/090-cc-emit.fth#L381
090-cc-emit.fth,bbcc1732152af2d884737272eed870d2410ffe8e,55d922e8f36c1367fe27629cbd2edd8d8a577b84,cc-emit-cmp-ne,colon,382,C09,chapters/09-instructions-inside-an-executable.md,https://github.com/delta9000/seed-forth/blob/bbcc1732152af2d884737272eed870d2410ffe8e/090-cc-emit.fth#L382
090-cc-emit.fth,bbcc1732152af2d884737272eed870d2410ffe8e,55d922e8f36c1367fe27629cbd2edd8d8a577b84,cc-emit-cmp-lt,colon,383,C09,chapters/09-instructions-inside-an-executable.md,https://github.com/delta9000/seed-forth/blob/bbcc1732152af2d884737272eed870d2410ffe8e/090-cc-emit.fth#L383
090-cc-emit.fth,bbcc1732152af2d884737272eed870d2410ffe8e,55d922e8f36c1367fe27629cbd2edd8d8a577b84,cc-emit-cmp-ge,colon,384,C09,chapters/09-instructions-inside-an-executable.md,https://github.com/delta9000/seed-forth/blob/bbcc1732152af2d884737272eed870d2410ffe8e/090-cc-emit.fth#L384
090-cc-emit.fth,bbcc1732152af2d884737272eed870d2410ffe8e,55d922e8f36c1367fe27629cbd2edd8d8a577b84,cc-emit-cmp-le,colon,385,C09,chapters/09-instructions-inside-an-executable.md,https://github.com/delta9000/seed-forth/blob/bbcc1732152af2d884737272eed870d2410ffe8e/090-cc-emit.fth#L385
090-cc-emit.fth,bbcc1732152af2d884737272eed870d2410ffe8e,55d922e8f36c1367fe27629cbd2edd8d8a577b84,cc-emit-cmp-gt,colon,386,C09,chapters/09-instructions-inside-an-executable.md,https://github.com/delta9000/seed-forth/blob/bbcc1732152af2d884737272eed870d2410ffe8e/090-cc-emit.fth#L386
090-cc-emit.fth,bbcc1732152af2d884737272eed870d2410ffe8e,55d922e8f36c1367fe27629cbd2edd8d8a577b84,cc-emit-test-rdi,colon,393,C09,chapters/09-instructions-inside-an-executable.md,https://github.com/delta9000/seed-forth/blob/bbcc1732152af2d884737272eed870d2410ffe8e/090-cc-emit.fth#L393
090-cc-emit.fth,bbcc1732152af2d884737272eed870d2410ffe8e,55d922e8f36c1367fe27629cbd2edd8d8a577b84,cc-emit-jz-rel32-placeholder,colon,401,C09,chapters/09-instructions-inside-an-executable.md,https://github.com/delta9000/seed-forth/blob/bbcc1732152af2d884737272eed870d2410ffe8e/090-cc-emit.fth#L401
090-cc-emit.fth,bbcc1732152af2d884737272eed870d2410ffe8e,55d922e8f36c1367fe27629cbd2edd8d8a577b84,cc-emit-jmp-rel32-placeholder,colon,409,C09,chapters/09-instructions-inside-an-executable.md,https://github.com/delta9000/seed-forth/blob/bbcc1732152af2d884737272eed870d2410ffe8e/090-cc-emit.fth#L409
090-cc-emit.fth,bbcc1732152af2d884737272eed870d2410ffe8e,55d922e8f36c1367fe27629cbd2edd8d8a577b84,cc-emit-call-rel32-placeholder,colon,419,C10,chapters/10-calls-literals-and-deferred-addresses.md,https://github.com/delta9000/seed-forth/blob/bbcc1732152af2d884737272eed870d2410ffe8e/090-cc-emit.fth#L419
090-cc-emit.fth,bbcc1732152af2d884737272eed870d2410ffe8e,55d922e8f36c1367fe27629cbd2edd8d8a577b84,cc-emit-jnz-rel32-placeholder,colon,427,C09,chapters/09-instructions-inside-an-executable.md,https://github.com/delta9000/seed-forth/blob/bbcc1732152af2d884737272eed870d2410ffe8e/090-cc-emit.fth#L427
090-cc-emit.fth,bbcc1732152af2d884737272eed870d2410ffe8e,55d922e8f36c1367fe27629cbd2edd8d8a577b84,cc-patch-rel32-to-here,colon,435,C09,chapters/09-instructions-inside-an-executable.md,https://github.com/delta9000/seed-forth/blob/bbcc1732152af2d884737272eed870d2410ffe8e/090-cc-emit.fth#L435
090-cc-emit.fth,bbcc1732152af2d884737272eed870d2410ffe8e,55d922e8f36c1367fe27629cbd2edd8d8a577b84,cc-emit-movabs-rdi-imm64,colon,451,C10,chapters/10-calls-literals-and-deferred-addresses.md,https://github.com/delta9000/seed-forth/blob/bbcc1732152af2d884737272eed870d2410ffe8e/090-cc-emit.fth#L451
090-cc-emit.fth,bbcc1732152af2d884737272eed870d2410ffe8e,55d922e8f36c1367fe27629cbd2edd8d8a577b84,cc-emit-mov-rdi-int,colon,464,C10,chapters/10-calls-literals-and-deferred-addresses.md,https://github.com/delta9000/seed-forth/blob/bbcc1732152af2d884737272eed870d2410ffe8e/090-cc-emit.fth#L464
090-cc-emit.fth,bbcc1732152af2d884737272eed870d2410ffe8e,55d922e8f36c1367fe27629cbd2edd8d8a577b84,cc-emit-movabs-rdi-imm64-placeholder,colon,485,C10,chapters/10-calls-literals-and-deferred-addresses.md,https://github.com/delta9000/seed-forth/blob/bbcc1732152af2d884737272eed870d2410ffe8e/090-cc-emit.fth#L485
090-cc-emit.fth,bbcc1732152af2d884737272eed870d2410ffe8e,55d922e8f36c1367fe27629cbd2edd8d8a577b84,cc-add-fixup-to-list,colon,495,C10,chapters/10-calls-literals-and-deferred-addresses.md,https://github.com/delta9000/seed-forth/blob/bbcc1732152af2d884737272eed870d2410ffe8e/090-cc-emit.fth#L495
090-cc-emit.fth,bbcc1732152af2d884737272eed870d2410ffe8e,55d922e8f36c1367fe27629cbd2edd8d8a577b84,cc-emit-string-bytes,colon,511,C10,chapters/10-calls-literals-and-deferred-addresses.md,https://github.com/delta9000/seed-forth/blob/bbcc1732152af2d884737272eed870d2410ffe8e/090-cc-emit.fth#L511
090-cc-emit.fth,bbcc1732152af2d884737272eed870d2410ffe8e,55d922e8f36c1367fe27629cbd2edd8d8a577b84,cc-emit-putchar-shim,colon,559,C11,chapters/11-a-bounded-legacy-runtime.md,https://github.com/delta9000/seed-forth/blob/bbcc1732152af2d884737272eed870d2410ffe8e/090-cc-emit.fth#L559
090-cc-emit.fth,bbcc1732152af2d884737272eed870d2410ffe8e,55d922e8f36c1367fe27629cbd2edd8d8a577b84,cc-emit-exit-shim,colon,578,C11,chapters/11-a-bounded-legacy-runtime.md,https://github.com/delta9000/seed-forth/blob/bbcc1732152af2d884737272eed870d2410ffe8e/090-cc-emit.fth#L578
090-cc-emit.fth,bbcc1732152af2d884737272eed870d2410ffe8e,55d922e8f36c1367fe27629cbd2edd8d8a577b84,cc-emit-getchar-shim,colon,601,C11,chapters/11-a-bounded-legacy-runtime.md,https://github.com/delta9000/seed-forth/blob/bbcc1732152af2d884737272eed870d2410ffe8e/090-cc-emit.fth#L601
090-cc-emit.fth,bbcc1732152af2d884737272eed870d2410ffe8e,55d922e8f36c1367fe27629cbd2edd8d8a577b84,cc-emit-fputs-shim,colon,649,C11,chapters/11-a-bounded-legacy-runtime.md,https://github.com/delta9000/seed-forth/blob/bbcc1732152af2d884737272eed870d2410ffe8e/090-cc-emit.fth#L649
090-cc-emit.fth,bbcc1732152af2d884737272eed870d2410ffe8e,55d922e8f36c1367fe27629cbd2edd8d8a577b84,cc-emit-fputc-shim,colon,681,C11,chapters/11-a-bounded-legacy-runtime.md,https://github.com/delta9000/seed-forth/blob/bbcc1732152af2d884737272eed870d2410ffe8e/090-cc-emit.fth#L681
090-cc-emit.fth,bbcc1732152af2d884737272eed870d2410ffe8e,55d922e8f36c1367fe27629cbd2edd8d8a577b84,cc-emit-fopen-shim,colon,720,C11,chapters/11-a-bounded-legacy-runtime.md,https://github.com/delta9000/seed-forth/blob/bbcc1732152af2d884737272eed870d2410ffe8e/090-cc-emit.fth#L720
090-cc-emit.fth,bbcc1732152af2d884737272eed870d2410ffe8e,55d922e8f36c1367fe27629cbd2edd8d8a577b84,cc-emit-fclose-shim,colon,751,C11,chapters/11-a-bounded-legacy-runtime.md,https://github.com/delta9000/seed-forth/blob/bbcc1732152af2d884737272eed870d2410ffe8e/090-cc-emit.fth#L751
090-cc-emit.fth,bbcc1732152af2d884737272eed870d2410ffe8e,55d922e8f36c1367fe27629cbd2edd8d8a577b84,cc-emit-fwrite-shim,colon,766,C11,chapters/11-a-bounded-legacy-runtime.md,https://github.com/delta9000/seed-forth/blob/bbcc1732152af2d884737272eed870d2410ffe8e/090-cc-emit.fth#L766
090-cc-emit.fth,bbcc1732152af2d884737272eed870d2410ffe8e,55d922e8f36c1367fe27629cbd2edd8d8a577b84,cc-emit-fread-shim,colon,794,C11,chapters/11-a-bounded-legacy-runtime.md,https://github.com/delta9000/seed-forth/blob/bbcc1732152af2d884737272eed870d2410ffe8e/090-cc-emit.fth#L794
090-cc-emit.fth,bbcc1732152af2d884737272eed870d2410ffe8e,55d922e8f36c1367fe27629cbd2edd8d8a577b84,cc-emit-calloc-shim,colon,854,C11,chapters/11-a-bounded-legacy-runtime.md,https://github.com/delta9000/seed-forth/blob/bbcc1732152af2d884737272eed870d2410ffe8e/090-cc-emit.fth#L854
090-cc-emit.fth,bbcc1732152af2d884737272eed870d2410ffe8e,55d922e8f36c1367fe27629cbd2edd8d8a577b84,cc-emit-free-shim,colon,899,C11,chapters/11-a-bounded-legacy-runtime.md,https://github.com/delta9000/seed-forth/blob/bbcc1732152af2d884737272eed870d2410ffe8e/090-cc-emit.fth#L899
090-cc-emit.fth,bbcc1732152af2d884737272eed870d2410ffe8e,55d922e8f36c1367fe27629cbd2edd8d8a577b84,cc-emit-syscall-shim,colon,918,C11,chapters/11-a-bounded-legacy-runtime.md,https://github.com/delta9000/seed-forth/blob/bbcc1732152af2d884737272eed870d2410ffe8e/090-cc-emit.fth#L918
090-cc-emit.fth,bbcc1732152af2d884737272eed870d2410ffe8e,55d922e8f36c1367fe27629cbd2edd8d8a577b84,cc-emit-malloc-shim,colon,933,C11,chapters/11-a-bounded-legacy-runtime.md,https://github.com/delta9000/seed-forth/blob/bbcc1732152af2d884737272eed870d2410ffe8e/090-cc-emit.fth#L933
090-cc-emit.fth,bbcc1732152af2d884737272eed870d2410ffe8e,55d922e8f36c1367fe27629cbd2edd8d8a577b84,cc-emit-strlen-shim,colon,949,C11,chapters/11-a-bounded-legacy-runtime.md,https://github.com/delta9000/seed-forth/blob/bbcc1732152af2d884737272eed870d2410ffe8e/090-cc-emit.fth#L949
090-cc-emit.fth,bbcc1732152af2d884737272eed870d2410ffe8e,55d922e8f36c1367fe27629cbd2edd8d8a577b84,cc-emit-memcpy-shim,colon,965,C11,chapters/11-a-bounded-legacy-runtime.md,https://github.com/delta9000/seed-forth/blob/bbcc1732152af2d884737272eed870d2410ffe8e/090-cc-emit.fth#L965
090-cc-emit.fth,bbcc1732152af2d884737272eed870d2410ffe8e,55d922e8f36c1367fe27629cbd2edd8d8a577b84,cc-emit-strrchr-shim,colon,989,C11,chapters/11-a-bounded-legacy-runtime.md,https://github.com/delta9000/seed-forth/blob/bbcc1732152af2d884737272eed870d2410ffe8e/090-cc-emit.fth#L989
090-cc-emit.fth,bbcc1732152af2d884737272eed870d2410ffe8e,55d922e8f36c1367fe27629cbd2edd8d8a577b84,cc-emit-shl-rdi-cl,colon,1012,C09,chapters/09-instructions-inside-an-executable.md,https://github.com/delta9000/seed-forth/blob/bbcc1732152af2d884737272eed870d2410ffe8e/090-cc-emit.fth#L1012
090-cc-emit.fth,bbcc1732152af2d884737272eed870d2410ffe8e,55d922e8f36c1367fe27629cbd2edd8d8a577b84,cc-emit-sar-rdi-cl,colon,1018,C09,chapters/09-instructions-inside-an-executable.md,https://github.com/delta9000/seed-forth/blob/bbcc1732152af2d884737272eed870d2410ffe8e/090-cc-emit.fth#L1018
090-cc-emit.fth,bbcc1732152af2d884737272eed870d2410ffe8e,55d922e8f36c1367fe27629cbd2edd8d8a577b84,cc-emit-and-rdi-rcx,colon,1024,C09,chapters/09-instructions-inside-an-executable.md,https://github.com/delta9000/seed-forth/blob/bbcc1732152af2d884737272eed870d2410ffe8e/090-cc-emit.fth#L1024
090-cc-emit.fth,bbcc1732152af2d884737272eed870d2410ffe8e,55d922e8f36c1367fe27629cbd2edd8d8a577b84,cc-emit-or-rdi-rcx,colon,1030,C09,chapters/09-instructions-inside-an-executable.md,https://github.com/delta9000/seed-forth/blob/bbcc1732152af2d884737272eed870d2410ffe8e/090-cc-emit.fth#L1030
090-cc-emit.fth,bbcc1732152af2d884737272eed870d2410ffe8e,55d922e8f36c1367fe27629cbd2edd8d8a577b84,cc-emit-xor-rdi-rcx,colon,1036,C09,chapters/09-instructions-inside-an-executable.md,https://github.com/delta9000/seed-forth/blob/bbcc1732152af2d884737272eed870d2410ffe8e/090-cc-emit.fth#L1036
090-cc-emit.fth,bbcc1732152af2d884737272eed870d2410ffe8e,55d922e8f36c1367fe27629cbd2edd8d8a577b84,cc-emit-not-rdi,colon,1042,C09,chapters/09-instructions-inside-an-executable.md,https://github.com/delta9000/seed-forth/blob/bbcc1732152af2d884737272eed870d2410ffe8e/090-cc-emit.fth#L1042
090-cc-emit.fth,bbcc1732152af2d884737272eed870d2410ffe8e,55d922e8f36c1367fe27629cbd2edd8d8a577b84,cc-emit-neg-rdi,colon,1048,C09,chapters/09-instructions-inside-an-executable.md,https://github.com/delta9000/seed-forth/blob/bbcc1732152af2d884737272eed870d2410ffe8e/090-cc-emit.fth#L1048
090-cc-emit.fth,bbcc1732152af2d884737272eed870d2410ffe8e,55d922e8f36c1367fe27629cbd2edd8d8a577b84,cc-emit-inc-mem-local,colon,1056,C09,chapters/09-instructions-inside-an-executable.md,https://github.com/delta9000/seed-forth/blob/bbcc1732152af2d884737272eed870d2410ffe8e/090-cc-emit.fth#L1056
090-cc-emit.fth,bbcc1732152af2d884737272eed870d2410ffe8e,55d922e8f36c1367fe27629cbd2edd8d8a577b84,cc-emit-dec-mem-local,colon,1063,C09,chapters/09-instructions-inside-an-executable.md,https://github.com/delta9000/seed-forth/blob/bbcc1732152af2d884737272eed870d2410ffe8e/090-cc-emit.fth#L1063
090-cc-emit.fth,bbcc1732152af2d884737272eed870d2410ffe8e,55d922e8f36c1367fe27629cbd2edd8d8a577b84,cc-emit-inc-via-rcx,colon,1073,C09,chapters/09-instructions-inside-an-executable.md,https://github.com/delta9000/seed-forth/blob/bbcc1732152af2d884737272eed870d2410ffe8e/090-cc-emit.fth#L1073
090-cc-emit.fth,bbcc1732152af2d884737272eed870d2410ffe8e,55d922e8f36c1367fe27629cbd2edd8d8a577b84,cc-emit-dec-via-rcx,colon,1076,C09,chapters/09-instructions-inside-an-executable.md,https://github.com/delta9000/seed-forth/blob/bbcc1732152af2d884737272eed870d2410ffe8e/090-cc-emit.fth#L1076
090-cc-emit.fth,bbcc1732152af2d884737272eed870d2410ffe8e,55d922e8f36c1367fe27629cbd2edd8d8a577b84,cc-emit-load-via-rcx,colon,1081,C09,chapters/09-instructions-inside-an-executable.md,https://github.com/delta9000/seed-forth/blob/bbcc1732152af2d884737272eed870d2410ffe8e/090-cc-emit.fth#L1081
090-cc-emit.fth,bbcc1732152af2d884737272eed870d2410ffe8e,55d922e8f36c1367fe27629cbd2edd8d8a577b84,cc-emit-not-zero-flag,colon,1088,C09,chapters/09-instructions-inside-an-executable.md,https://github.com/delta9000/seed-forth/blob/bbcc1732152af2d884737272eed870d2410ffe8e/090-cc-emit.fth#L1088
090-cc-emit.fth,bbcc1732152af2d884737272eed870d2410ffe8e,55d922e8f36c1367fe27629cbd2edd8d8a577b84,cc-globals-cap,constant,1124,C10,chapters/10-calls-literals-and-deferred-addresses.md,https://github.com/delta9000/seed-forth/blob/bbcc1732152af2d884737272eed870d2410ffe8e/090-cc-emit.fth#L1124
090-cc-emit.fth,bbcc1732152af2d884737272eed870d2410ffe8e,55d922e8f36c1367fe27629cbd2edd8d8a577b84,cc-globals-buf,create,1125,C10,chapters/10-calls-literals-and-deferred-addresses.md,https://github.com/delta9000/seed-forth/blob/bbcc1732152af2d884737272eed870d2410ffe8e/090-cc-emit.fth#L1125
090-cc-emit.fth,bbcc1732152af2d884737272eed870d2410ffe8e,55d922e8f36c1367fe27629cbd2edd8d8a577b84,cc-globals-pos,variable,1126,C10,chapters/10-calls-literals-and-deferred-addresses.md,https://github.com/delta9000/seed-forth/blob/bbcc1732152af2d884737272eed870d2410ffe8e/090-cc-emit.fth#L1126
090-cc-emit.fth,bbcc1732152af2d884737272eed870d2410ffe8e,55d922e8f36c1367fe27629cbd2edd8d8a577b84,cc-bss-cap,constant,1128,C10,chapters/10-calls-literals-and-deferred-addresses.md,https://github.com/delta9000/seed-forth/blob/bbcc1732152af2d884737272eed870d2410ffe8e/090-cc-emit.fth#L1128
090-cc-emit.fth,bbcc1732152af2d884737272eed870d2410ffe8e,55d922e8f36c1367fe27629cbd2edd8d8a577b84,cc-bss-pos,variable,1129,C10,chapters/10-calls-literals-and-deferred-addresses.md,https://github.com/delta9000/seed-forth/blob/bbcc1732152af2d884737272eed870d2410ffe8e/090-cc-emit.fth#L1129
090-cc-emit.fth,bbcc1732152af2d884737272eed870d2410ffe8e,55d922e8f36c1367fe27629cbd2edd8d8a577b84,cc-bss-flag,constant,1130,C10,chapters/10-calls-literals-and-deferred-addresses.md,https://github.com/delta9000/seed-forth/blob/bbcc1732152af2d884737272eed870d2410ffe8e/090-cc-emit.fth#L1130
090-cc-emit.fth,bbcc1732152af2d884737272eed870d2410ffe8e,55d922e8f36c1367fe27629cbd2edd8d8a577b84,cc-gfixup-default-cap,constant,1134,C10,chapters/10-calls-literals-and-deferred-addresses.md,https://github.com/delta9000/seed-forth/blob/bbcc1732152af2d884737272eed870d2410ffe8e/090-cc-emit.fth#L1134
090-cc-emit.fth,bbcc1732152af2d884737272eed870d2410ffe8e,55d922e8f36c1367fe27629cbd2edd8d8a577b84,cc-gfixup-limit,variable,1135,C10,chapters/10-calls-literals-and-deferred-addresses.md,https://github.com/delta9000/seed-forth/blob/bbcc1732152af2d884737272eed870d2410ffe8e/090-cc-emit.fth#L1135
090-cc-emit.fth,bbcc1732152af2d884737272eed870d2410ffe8e,55d922e8f36c1367fe27629cbd2edd8d8a577b84,cc-gfixup-cap,colon,1137,C10,chapters/10-calls-literals-and-deferred-addresses.md,https://github.com/delta9000/seed-forth/blob/bbcc1732152af2d884737272eed870d2410ffe8e/090-cc-emit.fth#L1137
090-cc-emit.fth,bbcc1732152af2d884737272eed870d2410ffe8e,55d922e8f36c1367fe27629cbd2edd8d8a577b84,cc-gfixup-default-out-pos,create,1138,C10,chapters/10-calls-literals-and-deferred-addresses.md,https://github.com/delta9000/seed-forth/blob/bbcc1732152af2d884737272eed870d2410ffe8e/090-cc-emit.fth#L1138
090-cc-emit.fth,bbcc1732152af2d884737272eed870d2410ffe8e,55d922e8f36c1367fe27629cbd2edd8d8a577b84,cc-gfixup-out-pos-buffer,variable,1139,C10,chapters/10-calls-literals-and-deferred-addresses.md,https://github.com/delta9000/seed-forth/blob/bbcc1732152af2d884737272eed870d2410ffe8e/090-cc-emit.fth#L1139
090-cc-emit.fth,bbcc1732152af2d884737272eed870d2410ffe8e,55d922e8f36c1367fe27629cbd2edd8d8a577b84,cc-gfixup-out-pos,colon,1141,C10,chapters/10-calls-literals-and-deferred-addresses.md,https://github.com/delta9000/seed-forth/blob/bbcc1732152af2d884737272eed870d2410ffe8e/090-cc-emit.fth#L1141
090-cc-emit.fth,bbcc1732152af2d884737272eed870d2410ffe8e,55d922e8f36c1367fe27629cbd2edd8d8a577b84,cc-gfixup-default-slot,create,1142,C10,chapters/10-calls-literals-and-deferred-addresses.md,https://github.com/delta9000/seed-forth/blob/bbcc1732152af2d884737272eed870d2410ffe8e/090-cc-emit.fth#L1142
090-cc-emit.fth,bbcc1732152af2d884737272eed870d2410ffe8e,55d922e8f36c1367fe27629cbd2edd8d8a577b84,cc-gfixup-slot-buffer,variable,1143,C10,chapters/10-calls-literals-and-deferred-addresses.md,https://github.com/delta9000/seed-forth/blob/bbcc1732152af2d884737272eed870d2410ffe8e/090-cc-emit.fth#L1143
090-cc-emit.fth,bbcc1732152af2d884737272eed870d2410ffe8e,55d922e8f36c1367fe27629cbd2edd8d8a577b84,cc-gfixup-slot,colon,1145,C10,chapters/10-calls-literals-and-deferred-addresses.md,https://github.com/delta9000/seed-forth/blob/bbcc1732152af2d884737272eed870d2410ffe8e/090-cc-emit.fth#L1145
090-cc-emit.fth,bbcc1732152af2d884737272eed870d2410ffe8e,55d922e8f36c1367fe27629cbd2edd8d8a577b84,cc-gfixup-direct-cap,constant,1149,C10,chapters/10-calls-literals-and-deferred-addresses.md,https://github.com/delta9000/seed-forth/blob/bbcc1732152af2d884737272eed870d2410ffe8e/090-cc-emit.fth#L1149
090-cc-emit.fth,bbcc1732152af2d884737272eed870d2410ffe8e,55d922e8f36c1367fe27629cbd2edd8d8a577b84,cc-gfixup-direct-base,variable,1150,C10,chapters/10-calls-literals-and-deferred-addresses.md,https://github.com/delta9000/seed-forth/blob/bbcc1732152af2d884737272eed870d2410ffe8e/090-cc-emit.fth#L1150
090-cc-emit.fth,bbcc1732152af2d884737272eed870d2410ffe8e,55d922e8f36c1367fe27629cbd2edd8d8a577b84,cc-gfixup-default-workspace,colon,1151,C10,chapters/10-calls-literals-and-deferred-addresses.md,https://github.com/delta9000/seed-forth/blob/bbcc1732152af2d884737272eed870d2410ffe8e/090-cc-emit.fth#L1151
090-cc-emit.fth,bbcc1732152af2d884737272eed870d2410ffe8e,55d922e8f36c1367fe27629cbd2edd8d8a577b84,cc-gfixup-direct-workspace,colon,1155,C10,chapters/10-calls-literals-and-deferred-addresses.md,https://github.com/delta9000/seed-forth/blob/bbcc1732152af2d884737272eed870d2410ffe8e/090-cc-emit.fth#L1155
090-cc-emit.fth,bbcc1732152af2d884737272eed870d2410ffe8e,55d922e8f36c1367fe27629cbd2edd8d8a577b84,cc-gfixup-count,variable,1163,C10,chapters/10-calls-literals-and-deferred-addresses.md,https://github.com/delta9000/seed-forth/blob/bbcc1732152af2d884737272eed870d2410ffe8e/090-cc-emit.fth#L1163
090-cc-emit.fth,bbcc1732152af2d884737272eed870d2410ffe8e,55d922e8f36c1367fe27629cbd2edd8d8a577b84,cc-globals-base-vaddr,variable,1165,C10,chapters/10-calls-literals-and-deferred-addresses.md,https://github.com/delta9000/seed-forth/blob/bbcc1732152af2d884737272eed870d2410ffe8e/090-cc-emit.fth#L1165
090-cc-emit.fth,bbcc1732152af2d884737272eed870d2410ffe8e,55d922e8f36c1367fe27629cbd2edd8d8a577b84,cc-bss-base-vaddr,variable,1166,C10,chapters/10-calls-literals-and-deferred-addresses.md,https://github.com/delta9000/seed-forth/blob/bbcc1732152af2d884737272eed870d2410ffe8e/090-cc-emit.fth#L1166
090-cc-emit.fth,bbcc1732152af2d884737272eed870d2410ffe8e,55d922e8f36c1367fe27629cbd2edd8d8a577b84,cc-globals-init,colon,1169,C10,chapters/10-calls-literals-and-deferred-addresses.md,https://github.com/delta9000/seed-forth/blob/bbcc1732152af2d884737272eed870d2410ffe8e/090-cc-emit.fth#L1169
090-cc-emit.fth,bbcc1732152af2d884737272eed870d2410ffe8e,55d922e8f36c1367fe27629cbd2edd8d8a577b84,cc-globals-alloc,colon,1185,C10,chapters/10-calls-literals-and-deferred-addresses.md,https://github.com/delta9000/seed-forth/blob/bbcc1732152af2d884737272eed870d2410ffe8e/090-cc-emit.fth#L1185
090-cc-emit.fth,bbcc1732152af2d884737272eed870d2410ffe8e,55d922e8f36c1367fe27629cbd2edd8d8a577b84,cc-bss-alloc,colon,1193,C10,chapters/10-calls-literals-and-deferred-addresses.md,https://github.com/delta9000/seed-forth/blob/bbcc1732152af2d884737272eed870d2410ffe8e/090-cc-emit.fth#L1193
090-cc-emit.fth,bbcc1732152af2d884737272eed870d2410ffe8e,55d922e8f36c1367fe27629cbd2edd8d8a577b84,cc-globals-store-8le,colon,1200,C10,chapters/10-calls-literals-and-deferred-addresses.md,https://github.com/delta9000/seed-forth/blob/bbcc1732152af2d884737272eed870d2410ffe8e/090-cc-emit.fth#L1200
090-cc-emit.fth,bbcc1732152af2d884737272eed870d2410ffe8e,55d922e8f36c1367fe27629cbd2edd8d8a577b84,cc-gfixup-add,colon,1214,C10,chapters/10-calls-literals-and-deferred-addresses.md,https://github.com/delta9000/seed-forth/blob/bbcc1732152af2d884737272eed870d2410ffe8e/090-cc-emit.fth#L1214
090-cc-emit.fth,bbcc1732152af2d884737272eed870d2410ffe8e,55d922e8f36c1367fe27629cbd2edd8d8a577b84,cc-emit-global-ref,colon,1227,C10,chapters/10-calls-literals-and-deferred-addresses.md,https://github.com/delta9000/seed-forth/blob/bbcc1732152af2d884737272eed870d2410ffe8e/090-cc-emit.fth#L1227
090-cc-emit.fth,bbcc1732152af2d884737272eed870d2410ffe8e,55d922e8f36c1367fe27629cbd2edd8d8a577b84,cc-emit-type-check-noop,colon,1244,C09,chapters/09-instructions-inside-an-executable.md,https://github.com/delta9000/seed-forth/blob/bbcc1732152af2d884737272eed870d2410ffe8e/090-cc-emit.fth#L1244
090-cc-emit.fth,bbcc1732152af2d884737272eed870d2410ffe8e,55d922e8f36c1367fe27629cbd2edd8d8a577b84,cc-emit-type-check-fwd,defer,1245,C09,chapters/09-instructions-inside-an-executable.md,https://github.com/delta9000/seed-forth/blob/bbcc1732152af2d884737272eed870d2410ffe8e/090-cc-emit.fth#L1245
090-cc-emit.fth,bbcc1732152af2d884737272eed870d2410ffe8e,55d922e8f36c1367fe27629cbd2edd8d8a577b84,cc-emit-load-typed-via-rdi,colon,1248,C09,chapters/09-instructions-inside-an-executable.md,https://github.com/delta9000/seed-forth/blob/bbcc1732152af2d884737272eed870d2410ffe8e/090-cc-emit.fth#L1248
090-cc-emit.fth,bbcc1732152af2d884737272eed870d2410ffe8e,55d922e8f36c1367fe27629cbd2edd8d8a577b84,cc-emit-store-typed-via-rcx,colon,1272,C09,chapters/09-instructions-inside-an-executable.md,https://github.com/delta9000/seed-forth/blob/bbcc1732152af2d884737272eed870d2410ffe8e/090-cc-emit.fth#L1272
090-cc-emit.fth,bbcc1732152af2d884737272eed870d2410ffe8e,55d922e8f36c1367fe27629cbd2edd8d8a577b84,cc-emit-convert-rdi,colon,1285,C09,chapters/09-instructions-inside-an-executable.md,https://github.com/delta9000/seed-forth/blob/bbcc1732152af2d884737272eed870d2410ffe8e/090-cc-emit.fth#L1285
090-cc-emit.fth,bbcc1732152af2d884737272eed870d2410ffe8e,55d922e8f36c1367fe27629cbd2edd8d8a577b84,cc-emit-convert-value-default,colon,1309,C09,chapters/09-instructions-inside-an-executable.md,https://github.com/delta9000/seed-forth/blob/bbcc1732152af2d884737272eed870d2410ffe8e/090-cc-emit.fth#L1309
090-cc-emit.fth,bbcc1732152af2d884737272eed870d2410ffe8e,55d922e8f36c1367fe27629cbd2edd8d8a577b84,cc-emit-convert-value,defer,1310,C09,chapters/09-instructions-inside-an-executable.md,https://github.com/delta9000/seed-forth/blob/bbcc1732152af2d884737272eed870d2410ffe8e/090-cc-emit.fth#L1310
090-cc-emit.fth,bbcc1732152af2d884737272eed870d2410ffe8e,55d922e8f36c1367fe27629cbd2edd8d8a577b84,cc-emit-convert-rcx,colon,1314,C09,chapters/09-instructions-inside-an-executable.md,https://github.com/delta9000/seed-forth/blob/bbcc1732152af2d884737272eed870d2410ffe8e/090-cc-emit.fth#L1314
090-cc-emit.fth,bbcc1732152af2d884737272eed870d2410ffe8e,55d922e8f36c1367fe27629cbd2edd8d8a577b84,cc-emit-convert-right-default,colon,1336,C09,chapters/09-instructions-inside-an-executable.md,https://github.com/delta9000/seed-forth/blob/bbcc1732152af2d884737272eed870d2410ffe8e/090-cc-emit.fth#L1336
090-cc-emit.fth,bbcc1732152af2d884737272eed870d2410ffe8e,55d922e8f36c1367fe27629cbd2edd8d8a577b84,cc-emit-convert-right,defer,1337,C09,chapters/09-instructions-inside-an-executable.md,https://github.com/delta9000/seed-forth/blob/bbcc1732152af2d884737272eed870d2410ffe8e/090-cc-emit.fth#L1337
090-cc-emit.fth,bbcc1732152af2d884737272eed870d2410ffe8e,55d922e8f36c1367fe27629cbd2edd8d8a577b84,cc-emit-load-local-typed,colon,1341,C09,chapters/09-instructions-inside-an-executable.md,https://github.com/delta9000/seed-forth/blob/bbcc1732152af2d884737272eed870d2410ffe8e/090-cc-emit.fth#L1341
090-cc-emit.fth,bbcc1732152af2d884737272eed870d2410ffe8e,55d922e8f36c1367fe27629cbd2edd8d8a577b84,cc-emit-store-local-typed,colon,1347,C09,chapters/09-instructions-inside-an-executable.md,https://github.com/delta9000/seed-forth/blob/bbcc1732152af2d884737272eed870d2410ffe8e/090-cc-emit.fth#L1347
090-cc-emit.fth,bbcc1732152af2d884737272eed870d2410ffe8e,55d922e8f36c1367fe27629cbd2edd8d8a577b84,cc-emit-udiv-quotient,colon,1365,C09,chapters/09-instructions-inside-an-executable.md,https://github.com/delta9000/seed-forth/blob/bbcc1732152af2d884737272eed870d2410ffe8e/090-cc-emit.fth#L1365
090-cc-emit.fth,bbcc1732152af2d884737272eed870d2410ffe8e,55d922e8f36c1367fe27629cbd2edd8d8a577b84,cc-emit-udiv-remainder,colon,1371,C09,chapters/09-instructions-inside-an-executable.md,https://github.com/delta9000/seed-forth/blob/bbcc1732152af2d884737272eed870d2410ffe8e/090-cc-emit.fth#L1371
090-cc-emit.fth,bbcc1732152af2d884737272eed870d2410ffe8e,55d922e8f36c1367fe27629cbd2edd8d8a577b84,cc-emit-cmp-ult,colon,1377,C09,chapters/09-instructions-inside-an-executable.md,https://github.com/delta9000/seed-forth/blob/bbcc1732152af2d884737272eed870d2410ffe8e/090-cc-emit.fth#L1377
090-cc-emit.fth,bbcc1732152af2d884737272eed870d2410ffe8e,55d922e8f36c1367fe27629cbd2edd8d8a577b84,cc-emit-cmp-uge,colon,1378,C09,chapters/09-instructions-inside-an-executable.md,https://github.com/delta9000/seed-forth/blob/bbcc1732152af2d884737272eed870d2410ffe8e/090-cc-emit.fth#L1378
090-cc-emit.fth,bbcc1732152af2d884737272eed870d2410ffe8e,55d922e8f36c1367fe27629cbd2edd8d8a577b84,cc-emit-cmp-ule,colon,1379,C09,chapters/09-instructions-inside-an-executable.md,https://github.com/delta9000/seed-forth/blob/bbcc1732152af2d884737272eed870d2410ffe8e/090-cc-emit.fth#L1379
090-cc-emit.fth,bbcc1732152af2d884737272eed870d2410ffe8e,55d922e8f36c1367fe27629cbd2edd8d8a577b84,cc-emit-cmp-ugt,colon,1380,C09,chapters/09-instructions-inside-an-executable.md,https://github.com/delta9000/seed-forth/blob/bbcc1732152af2d884737272eed870d2410ffe8e/090-cc-emit.fth#L1380
090-cc-emit.fth,bbcc1732152af2d884737272eed870d2410ffe8e,55d922e8f36c1367fe27629cbd2edd8d8a577b84,cc-emit-shr-rdi-cl,colon,1383,C09,chapters/09-instructions-inside-an-executable.md,https://github.com/delta9000/seed-forth/blob/bbcc1732152af2d884737272eed870d2410ffe8e/090-cc-emit.fth#L1383
