region_id,source_path,source_revision,source_blob_sha,start_line,end_line,region_kind,semantic_purpose,inputs,outputs,state_owner,exact_action,acceptance_predicate,profile_assumptions,teaching_unit,manuscript_path,teaching_section,teaching_anchor,teaching_depth,coverage_status,evidence_kind,run_evidence,claim_limit,related_teaching,source_url
SA-contract,tests/cc/stage-a-check.sh,7d7e1996d1753118181d43e1a413960d3a1ec24b,5a73cde4d041f0fb9058f40147f329c363d26236,1,18,declared-contract,Identify the compared representation and delimit the standalone recipe.,Two differently produced M2-Planet executables; M2_PLANET and BUILDROOT overrides.,A stated Stage-A comparison contract; no artifact is produced by comments.,The standalone harness declares its scope; broader bootstrap stages have separate owners.,"Describe fresh cc-out-v1 and m2-ref producers, amd64 self-compilation and M1-output parity; exclude stages B-G from this script.",None in this comment region; executable gates occur below.,"Default reference compiler is gcc, but the helper accepts CC; Stage A is a host-assisted comparison.",C20,chapters/20-complete-compiler-and-stage-a.md,The program we built becomes the next producer,the-program-we-built-becomes-the-next-producer,interface-and-scope,taught,inspected-recipe,none claimed by this row,"The words correctness and trust in these comments do not establish universal correctness or a complete trust-base audit. Assembly, later self-hosting and fixed points are outside this recipe.",C21/C22: later M1/ELF assembly mechanisms; C23/C24 and G/K: separate later profiles and acceptance criteria; chapters/20-complete-compiler-and-stage-a.md#reference-follow-the-wider-chain-without-changing-the-comparison,https://github.com/delta9000/seed-forth/blob/7d7e1996d1753118181d43e1a413960d3a1ec24b/tests/cc/stage-a-check.sh#L1-L18
SA-context,tests/cc/stage-a-check.sh,7d7e1996d1753118181d43e1a413960d3a1ec24b,5a73cde4d041f0fb9058f40147f329c363d26236,19,29,setup,Fix the working context and failure vocabulary before constructing artifacts.,Script location; optional M2_PLANET and BUILDROOT environment values.,Repository-root cwd; default M2_PLANET=vendor/M2-Planet; default BUILDROOT=/tmp/seed-bootstrap; created build directory; fail function.,"The parent Bash process owns variables, cwd and the artifact directory.",Enable set -euo pipefail; cd two directories above the script; apply defaults with :-; mkdir -p BUILDROOT; define fail to print on stderr and exit 1.,Setup commands must complete under the shell options; calling fail exits 1. No artifact equality check occurs here.,Bash and host filesystem utilities; relative overrides are initially interpreted from the repository root; unique BUILDROOT is needed for concurrent runs.,C20,chapters/20-complete-compiler-and-stage-a.md,Reference: establish the comparison environment,reference-establish-the-comparison-environment,complete-recipe-mechanism,taught,inspected-recipe,none claimed by this row,"Strict shell options and a directory do not verify source revisions, output contents or a successful comparison.",chapters/20-complete-compiler-and-stage-a.md#optional-operator-recipe,https://github.com/delta9000/seed-forth/blob/7d7e1996d1753118181d43e1a413960d3a1ec24b/tests/cc/stage-a-check.sh#L19-L29
SA-seed,tests/cc/stage-a-check.sh,7d7e1996d1753118181d43e1a413960d3a1ec24b,5a73cde4d041f0fb9058f40147f329c363d26236,30,33,prerequisite,Reuse or obtain the executable builder that will interpret the Forth compiler.,Root seed-forth; build.sh if root seed-forth is not executable.,An executable root seed-forth or a failed harness.,Stage A owns the executable-presence gate; build.sh owns conditional reconstruction.,"If [ -x seed-forth ] is false, invoke ./build.sh with stdout redirected to /dev/null; then independently require [ -x seed-forth ].",The second executable test must succeed; otherwise fail with seed-forth build failed. A failed build invocation may already terminate the script.,Existing root seed may be reused; a rebuild needs the selected external HEX0 assembler.,C20,chapters/20-complete-compiler-and-stage-a.md,Reference: establish the comparison environment,reference-establish-the-comparison-environment,complete-recipe-mechanism,taught,inspected-recipe,none claimed by this row,"An existing executable is not freshly built, hashed, size-checked or proven to match 000-seed.hex0 by this gate.",build.sh regions BUILD-context through BUILD-produce,https://github.com/delta9000/seed-forth/blob/7d7e1996d1753118181d43e1a413960d3a1ec24b/tests/cc/stage-a-check.sh#L30-L33
SA-source-paths,tests/cc/stage-a-check.sh,7d7e1996d1753118181d43e1a413960d3a1ec24b,5a73cde4d041f0fb9058f40147f329c363d26236,34,40,input-and-path-contract,Check minimal M2 availability and preserve paths across later cwd changes.,M2_PLANET/cc.c; M2_PLANET/M2libc/bootstrappable.c; the already-created BUILDROOT.,Absolute M2_PLANET and BUILDROOT path strings.,Stage A owns source sentinels and the parent variables used by both comparison branches.,Require both sentinel files with -f; run cd and pwd inside each path to replace M2_PLANET and BUILDROOT with absolute directory paths.,Both -f predicates and both directory-resolution operations must succeed.,Pinned interpretation assumes the intended M2 and nested M2libc checkouts and unmodified inputs; neither identity is enforced by these tests.,C20,chapters/20-complete-compiler-and-stage-a.md,Reference: establish the comparison environment,reference-establish-the-comparison-environment,complete-recipe-mechanism,taught,inspected-recipe,none claimed by this row,"Sentinel existence and absolute paths do not establish checkout identity, cleanliness or complete dependency availability.",,https://github.com/delta9000/seed-forth/blob/7d7e1996d1753118181d43e1a413960d3a1ec24b/tests/cc/stage-a-check.sh#L34-L40
SA-reference,tests/cc/stage-a-check.sh,7d7e1996d1753118181d43e1a413960d3a1ec24b,5a73cde4d041f0fb9058f40147f329c363d26236,41,48,producer-edge,Construct a fresh independent reference executable in the build directory.,Absolute M2_PLANET; BUILDROOT/gcc-ref; inherited CC and MESCC_TOOLS if exported.,Fresh helper products under gcc-ref; copied BUILDROOT/m2-ref.,build-gcc-refs.sh owns recreation and all three host builds; Stage A owns the copied reference used below.,"Invoke tests/cc/build-gcc-refs.sh with M2_PLANET explicitly set and destination BUILDROOT/gcc-ref, suppress stdout, reject failure, then cp its m2-ref to BUILDROOT/m2-ref.",Helper exit status must be zero and cp must succeed; Stage A maps helper failure to gcc reference build failed.,Default CC=gcc; the helper also requires mescc-tools and its own M2libc even though Stage A uses only m2-ref.,C20,chapters/20-complete-compiler-and-stage-a.md,The reference helper builds more than Stage A consumes,the-reference-helper-builds-more-than-stage-a-consumes,complete-recipe-mechanism,taught,inspected-recipe,none claimed by this row,"The comment timings are estimates. Neither copied executable identity nor host-compiler version is checked here; helper stdout, including its version report, is suppressed.",build-gcc-refs.sh regions GR-contract through GR-report; chapters/20-complete-compiler-and-stage-a.md#keep-a-results-perimeter-visible,https://github.com/delta9000/seed-forth/blob/7d7e1996d1753118181d43e1a413960d3a1ec24b/tests/cc/stage-a-check.sh#L41-L48
SA-v1,tests/cc/stage-a-check.sh,7d7e1996d1753118181d43e1a413960d3a1ec24b,5a73cde4d041f0fb9058f40147f329c363d26236,49,57,producer-edge,Remove stale target products and request a freshly built v1 compiler.,BUILDROOT; build-m2planet-monolith.sh and its inherited environment.,Requested BUILDROOT/cc-out-v1; old cc-out-v1 and self-*-amd64.M1 removed.,Stage A owns cleanup and final executable gate; monolith wrapper owns physical /tmp output and relocation.,rm -f old v1 and matching amd64 M1 files; invoke monolith helper with CC_OUT=BUILDROOT/cc-out-v1 and stdout suppressed; reject nonzero helper status; require executable v1.,Helper must return zero and [ -x BUILDROOT/cc-out-v1 ] must succeed.,The helper can fall back to shared /tmp/cc-out; STAGE0_COMPAT is inherited rather than cleared; same BUILDROOT cannot be shared safely by concurrent runs.,C20,chapters/20-complete-compiler-and-stage-a.md,Reference: where the compiler file actually lands,reference-where-the-compiler-file-actually-lands,complete-recipe-mechanism,taught,inspected-recipe,none claimed by this row,"The comment that this never reads or clobbers shared /tmp overstates the fallback. Executability is weaker than correct, complete contents.","Monolith regions MONO-destinations, MONO-private-path, MONO-stream and MONO-placement; chapters/19-translation-units-and-process-entry.md#reference-the-last-file-executes-not-merely-defines",https://github.com/delta9000/seed-forth/blob/7d7e1996d1753118181d43e1a413960d3a1ec24b/tests/cc/stage-a-check.sh#L49-L57
SA-arguments,tests/cc/stage-a-check.sh,7d7e1996d1753118181d43e1a413960d3a1ec24b,5a73cde4d041f0fb9058f40147f329c363d26236,58,65,comparison-input,Give both producer programs the same explicit ordered source vector and output architecture.,M2libc/bootstrappable.c; cc_reader.c; cc_strings.c; cc_types.c; cc_emit.c; cc_core.c; cc_macro.c; cc.c; cc.h; cc_globals.c; gcc_req.h.,m2_args containing eleven ordered -f/file pairs; ARCH=amd64.,Stage A owns arrays m2_srcs and m2_args and the architecture selection.,Populate m2_srcs in the displayed order; append -f and each filename to m2_args; select amd64.,No semantic or content gate here; this constructs the explicit inputs used in the following invocations.,These names are interpreted from M2_PLANET; include expansion can add further source inputs. This is not the four-header/nine-C monolith order.,C20,chapters/20-complete-compiler-and-stage-a.md,Third list: give both M2-Planet programs the same arguments,third-list-give-both-m2-planet-programs-the-same-arguments,complete-recipe-mechanism,taught,inspected-recipe,none claimed by this row,Equal argument strings alone do not guarantee immutable files or equivalent execution environments.,,https://github.com/delta9000/seed-forth/blob/7d7e1996d1753118181d43e1a413960d3a1ec24b/tests/cc/stage-a-check.sh#L58-L65
SA-producers,tests/cc/stage-a-check.sh,7d7e1996d1753118181d43e1a413960d3a1ec24b,5a73cde4d041f0fb9058f40147f329c363d26236,66,73,comparison-producer-pair,Run the two executable producers before comparing their textual outputs.,BUILDROOT/cc-out-v1 and BUILDROOT/m2-ref; same M2_PLANET cwd; --architecture amd64 --expand-includes; m2_args.,BUILDROOT/self-v1-amd64.M1 and BUILDROOT/self-ref-amd64.M1.,Each child executable owns its M1 output; Stage A owns invocation order and branch-status rejection.,"In separate subshells cd to M2_PLANET and invoke first v1, then m2-ref, with the same architecture/include/source arguments and a branch-specific -o output.",Each invocation must exit zero; otherwise the corresponding v1 or reference self-compile failure exits Stage A with status 1.,"Linux/x86-64 producer executables in this route; amd64 is the M1 output architecture. -f, -o and --expand-includes belong to M2-Planet, not the Forth driver.",C20,chapters/20-complete-compiler-and-stage-a.md,Run both programs on the same demanding input,run-both-programs-on-the-same-demanding-input,complete-recipe-mechanism,taught,inspected-recipe,none claimed by this row,Successful producer exits do not themselves compare output bytes. No M1 assembly or generated-program test occurs here.,,https://github.com/delta9000/seed-forth/blob/7d7e1996d1753118181d43e1a413960d3a1ec24b/tests/cc/stage-a-check.sh#L66-L73
SA-compare,tests/cc/stage-a-check.sh,7d7e1996d1753118181d43e1a413960d3a1ec24b,5a73cde4d041f0fb9058f40147f329c363d26236,74,76,acceptance-gate,Define the finite property that standalone Stage A accepts.,The two branch outputs self-v1-amd64.M1 and self-ref-amd64.M1.,Continuation on equality; cmp diagnostics and harness failure on any nonzero cmp status.,Host cmp owns byte comparison; Stage A owns the mapping of its status to a failed harness.,Run unqualified cmp on v1 M1 then reference M1 without normalization; invoke fail with v1 != reference at amd64 if cmp returns nonzero.,"cmp status must be zero, meaning the two compared files have identical bytes under the trusted comparison operation.","Both files must be the intended completed outputs, and the comparator/filesystem must function as assumed; default comparison expects unpatched v1 versus the default host reference.",C20,chapters/20-complete-compiler-and-stage-a.md,The final question is byte-for-byte,the-final-question-is-byte-for-byte,complete-recipe-mechanism,taught,inspected-recipe,none claimed by this row,"Nonzero cmp may mean different bytes or a read/comparison error. Equal text does not imply universal C correctness, compiler-ELF equality, a fixed point, or Linux boot.",,https://github.com/delta9000/seed-forth/blob/7d7e1996d1753118181d43e1a413960d3a1ec24b/tests/cc/stage-a-check.sh#L74-L76
SA-report,tests/cc/stage-a-check.sh,7d7e1996d1753118181d43e1a413960d3a1ec24b,5a73cde4d041f0fb9058f40147f329c363d26236,77,78,report,Report the accepted equality without introducing a second oracle.,Reached post-cmp control flow; v1 M1 file.,An equality line containing wc -c output; stage-a-check: PASS.,Stage A owns messages; wc supplies a count at report time.,"Read the v1 file through wc -c inside the equality message, then print PASS.",There is no required count or SHA-256 predicate in these lines; the preceding cmp is the equality gate.,A retained run record must identify its source/profile and actual compared artifacts to support an observed-pass claim.,C20,chapters/20-complete-compiler-and-stage-a.md,The final question is byte-for-byte,the-final-question-is-byte-for-byte,report-and-evidence-boundary,taught,inspected-recipe,none claimed by this row,Reading these print statements is not evidence that they ran; documented historical sizes or hashes are not acceptance constants embedded here.,,https://github.com/delta9000/seed-forth/blob/7d7e1996d1753118181d43e1a413960d3a1ec24b/tests/cc/stage-a-check.sh#L77-L78
MONO-history,tests/cc/build-m2planet-monolith.sh,7d7e1996d1753118181d43e1a413960d3a1ec24b,a6adc796e998b0d5802051e9d0673b43bf33b85f,1,9,declared-contract,Explain the historical reason for shaping a single C input.,M2 headers and C files; the historical monolith compatibility goal.,"A stated preparation rationale, not generated bytes.",The preparation helper owns this historical recipe; current preprocessor capability is a separate contract.,Comments describe header prefixing and removal of repeated quote-includes and TRUE/FALSE definitions to preserve the monolith after #ifndef support was added.,No gate in comments; the actual loop below defines the current inventory.,Exact pinned loop contains four headers and nine C files despite this comment saying eight C files.,C20,chapters/20-complete-compiler-and-stage-a.md,Second list: construct the C monolith,second-list-construct-the-c-monolith,interface-and-scope,taught,inspected-recipe,none claimed by this row,The comments do not show that the current preprocessor lacks #ifndef and do not establish unchanged artifact bytes through execution.,chapters/03-preprocessing-regions-and-includes.md#enter-an-include-then-resume-the-parent,https://github.com/delta9000/seed-forth/blob/7d7e1996d1753118181d43e1a413960d3a1ec24b/tests/cc/build-m2planet-monolith.sh#L1-L9
MONO-destinations,tests/cc/build-m2planet-monolith.sh,7d7e1996d1753118181d43e1a413960d3a1ec24b,a6adc796e998b0d5802051e9d0673b43bf33b85f,10,22,declared-contract,Separate the fixed compiler output path from the wrapper destination.,Optional CC_OUT path; kernel namespace/mount availability.,Declared default /tmp paths and optional <CC_OUT>.monolith.c / <CC_OUT>.tmp layout.,Forth compiler owns the fixed /tmp/cc-out write; wrapper owns mounting and moving it.,"Describe default shared output, optional private /tmp, and fallback to shared /tmp/cc-out followed by relocation.",No gate in this comment region; the probe and output checks below determine the actual branch.,"CC_OUT is a shell wrapper variable, not a Forth compiler option; concurrent shared-path runs may collide.",C20,chapters/20-complete-compiler-and-stage-a.md,Reference: where the compiler file actually lands,reference-where-the-compiler-file-actually-lands,interface-and-scope,taught,inspected-recipe,none claimed by this row,A requested wrapper destination does not itself guarantee isolation.,chapters/19-translation-units-and-process-entry.md#reference-the-last-file-executes-not-merely-defines,https://github.com/delta9000/seed-forth/blob/7d7e1996d1753118181d43e1a413960d3a1ec24b/tests/cc/build-m2planet-monolith.sh#L10-L22
MONO-mode-contract,tests/cc/build-m2planet-monolith.sh,7d7e1996d1753118181d43e1a413960d3a1ec24b,a6adc796e998b0d5802051e9d0673b43bf33b85f,23,35,declared-contract,State that the compatibility mode deliberately changes the compiler source used for v1.,STAGE0_COMPAT=1 versus default; two named x86-immediate optimization guards.,A described alternative comparison expectation.,"The wrapper selects source substitutions; upstream M2-family logical behavior is context, not audited here.","Describe replacing the guards with zero to omit an optimization, contrast logical 8 && 1 with bitwise 8 & 1, and refer to separate Stage0 records.",No gate or proof here; actual substitutions are in MONO-mode and standalone Stage A still compares against its reference.,Default unpatched mode is the stated GCC-reference comparison mode; inherited STAGE0_COMPAT changes the input program.,C20,chapters/20-complete-compiler-and-stage-a.md,Why default v1 and v2 need not emit the same text,why-default-v1-and-v2-need-not-emit-the-same-text,interface-and-scope,taught,inspected-recipe,none claimed by this row,Claims about upstream code generation and separate stage0-check results are attributed context; this companion inspects neither full upstream implementation nor that test run.,chapters/20-complete-compiler-and-stage-a.md#second-list-construct-the-c-monolith,https://github.com/delta9000/seed-forth/blob/7d7e1996d1753118181d43e1a413960d3a1ec24b/tests/cc/build-m2planet-monolith.sh#L23-L35
MONO-context,tests/cc/build-m2planet-monolith.sh,7d7e1996d1753118181d43e1a413960d3a1ec24b,a6adc796e998b0d5802051e9d0673b43bf33b85f,36,42,setup,Set the builder cwd and default physical output names.,Script location; optional M2_PLANET and CC_OUT.,Repository-root cwd; M2; MONOLITH=/tmp/m2planet-monolith.c; OUT=/tmp/cc-out; empty-or-inherited CC_OUT.,The helper Bash process owns these path variables and cwd.,"Enable set -euo pipefail, cd to repository root, choose M2 default and initialize monolith/output paths.",Setup must succeed under shell options; no input-content or output-content check is made.,Relative M2 input and relative CC_OUT are initially resolved from repository root; default legacy driver remains selected.,C20,chapters/20-complete-compiler-and-stage-a.md,Reference: where the compiler file actually lands,reference-where-the-compiler-file-actually-lands,complete-recipe-mechanism,taught,inspected-recipe,none claimed by this row,Changing a wrapper path does not change the Forth compiler profile or its fixed path.,chapters/20-complete-compiler-and-stage-a.md#a-retained-include-makes-the-working-directory-an-input,https://github.com/delta9000/seed-forth/blob/7d7e1996d1753118181d43e1a413960d3a1ec24b/tests/cc/build-m2planet-monolith.sh#L36-L42
MONO-private-path,tests/cc/build-m2planet-monolith.sh,7d7e1996d1753118181d43e1a413960d3a1ec24b,a6adc796e998b0d5802051e9d0673b43bf33b85f,43,56,path-and-isolation,Choose private physical storage when available and preserve an explicit fallback.,Nonempty CC_OUT; parent directory; unshare -rm and mount --bind support.,"Absolute CC_OUT; <CC_OUT>.monolith.c; recreated <CC_OUT>.tmp; OUT=<CC_OUT>.tmp/cc-out on probe success, otherwise shared /tmp/cc-out with empty PTMP.",Wrapper owns destination files and PTMP; the probe child owns only its temporary namespace.,"Create destination parent, normalize CC_OUT, remove existing PTMP and destination, create PTMP, and probe a bind mount at /tmp in a new namespace. On failure remove the empty private directory and clear PTMP.",Nonempty CC_OUT selects this setup; probe success selects private OUT. Probe failure is a supported fallback rather than immediate build rejection.,Paths must be safe and writable; private namespaces may be disabled. The later compile repeats the mount rather than inheriting the probe namespace.,C20,chapters/20-complete-compiler-and-stage-a.md,Reference: where the compiler file actually lands,reference-where-the-compiler-file-actually-lands,complete-recipe-mechanism,taught,inspected-recipe,none claimed by this row,This source inspection does not observe a successful mount. Distinct BUILDROOTs are still needed; fallback runs share /tmp/cc-out.,,https://github.com/delta9000/seed-forth/blob/7d7e1996d1753118181d43e1a413960d3a1ec24b/tests/cc/build-m2planet-monolith.sh#L43-L56
MONO-prerequisites,tests/cc/build-m2planet-monolith.sh,7d7e1996d1753118181d43e1a413960d3a1ec24b,a6adc796e998b0d5802051e9d0673b43bf33b85f,57,62,prerequisite,Require basic source availability and an executable seed builder.,M2/cc.c; M2/M2libc/bootstrappable.c; root seed-forth or build.sh.,Either source diagnostics/exit 1 or continued construction after conditional seed build.,Wrapper owns sentinel checks and conditional seed invocation; build.sh owns rebuilding.,"Require the two -f sentinels, reporting the relevant checkout on failure; if seed-forth is not executable invoke build.sh with stdout suppressed.",Both file predicates must pass and any required build invocation must succeed; this helper has no second explicit -x seed check after build.sh.,An executable seed can be reused; sentinel files do not pin M2 or nested libc revisions.,C20,chapters/20-complete-compiler-and-stage-a.md,Reference: where the compiler file actually lands,reference-where-the-compiler-file-actually-lands,complete-recipe-mechanism,taught,inspected-recipe,none claimed by this row,"This is a prerequisite check, not evidence that the compiler input is complete or that v1 has been produced.",,https://github.com/delta9000/seed-forth/blob/7d7e1996d1753118181d43e1a413960d3a1ec24b/tests/cc/build-m2planet-monolith.sh#L57-L62
MONO-mode,tests/cc/build-m2planet-monolith.sh,7d7e1996d1753118181d43e1a413960d3a1ec24b,a6adc796e998b0d5802051e9d0673b43bf33b85f,63,71,input-transformation,Make compatibility mode an explicit change to prepared C text.,STAGE0_COMPAT; C-file lines matching either exact guard spelling.,Empty patch_args by default; two sed -e substitutions only when STAGE0_COMPAT equals 1.,Wrapper owns patch_args; sed applies it later only to files in the C loop.,"Replace (Architecture & ARCH_FAMILY_X86) && (reg == REGISTER_STACK || reg == REGISTER_ZERO), and the variant containing only reg == REGISTER_ZERO, with 0 plus a STAGE0_COMPAT comment.",Mode selection is the string test ${STAGE0_COMPAT:-0}=1; no substitution-count assertion verifies that either spelling was found.,"The substitutions are textual and first-match-per-line, not a parsed C transformation; default leaves source unpatched.",C20,chapters/20-complete-compiler-and-stage-a.md,Why default v1 and v2 need not emit the same text,why-default-v1-and-v2-need-not-emit-the-same-text,complete-recipe-mechanism,taught,inspected-recipe,none claimed by this row,Changing this mode may change Stage-A parity; no claim is made here that either mode was executed or that a full upstream semantic audit was performed.,chapters/20-complete-compiler-and-stage-a.md#second-list-construct-the-c-monolith,https://github.com/delta9000/seed-forth/blob/7d7e1996d1753118181d43e1a413960d3a1ec24b/tests/cc/build-m2planet-monolith.sh#L63-L71
MONO-compose,tests/cc/build-m2planet-monolith.sh,7d7e1996d1753118181d43e1a413960d3a1ec24b,a6adc796e998b0d5802051e9d0673b43bf33b85f,72,81,input-composition,Construct the exact ordered monolith and retain the boundary of its line filter.,"Unfiltered cc.h, cc_globals.h, cc_emit.h, gcc_req.h; then M2libc/bootstrappable.c, cc_globals.c, cc_strings.c, cc_types.c, cc_macro.c, cc_reader.c, cc_emit.c, cc_core.c, cc.c; patch_args.","MONOLITH text file, overwritten by redirection.",cat owns the unchanged header prefix; sed owns line filtering of each C input; wrapper owns ordering and destination.,"Concatenate four headers unchanged, then process the nine C files in order. Delete lines matching ^#include[[:space:]]*"", ^#define TRUE 1 or ^#define FALSE 0; apply optional patch_args; write all resulting text to MONOLITH.","File reads, transformations and redirection must complete under shell error handling; there is no monolith hash, byte count or semantic-equivalence gate.",Deletion patterns anchor at column one and TRUE/FALSE match prefixes. Header includes remain; in the root-cwd legacy route a residual cc_globals.h include can resolve through tests/cc.,C20,chapters/20-complete-compiler-and-stage-a.md,Second list: construct the C monolith,second-list-construct-the-c-monolith,complete-recipe-mechanism,taught,inspected-recipe,none claimed by this row,These filters are not a full C preprocessor. Clean pinned input closure matters; an extra root header or changed checkout can alter the residual include.,chapters/03-preprocessing-regions-and-includes.md#build-a-path-know-which-search-you-asked-for; chapters/20-complete-compiler-and-stage-a.md#a-retained-include-makes-the-working-directory-an-input,https://github.com/delta9000/seed-forth/blob/7d7e1996d1753118181d43e1a413960d3a1ec24b/tests/cc/build-m2planet-monolith.sh#L72-L81
MONO-stream,tests/cc/build-m2planet-monolith.sh,7d7e1996d1753118181d43e1a413960d3a1ec24b,a6adc796e998b0d5802051e9d0673b43bf33b85f,82,95,producer-edge,Feed the Forth definitions before C and run the builder through the selected filesystem route.,010-lib.fth; compiler-layers.sh selected paths; prepared MONOLITH; root seed-forth; optional PTMP.,Attempted fixed-path compiler output; captured pipeline status rc.,cat owns stream byte order; the Forth reader consumes definitions and then cc-main consumes C; wrapper owns route and rc.,"Remove OUT and initialize rc=0. Concatenate library, selected compiler files and monolith unchanged. With PTMP, pipe to unshare, bind PTMP at /tmp and exec /proc/self/fd/3 with seed-forth already opened on fd 3; otherwise pipe directly to ./seed-forth. Capture nonzero pipeline status with rc=$?.",This region captures status but defers rejection to MONO-accept. pipefail makes a nonzero pipeline component visible; it is not a byte-integrity check.,Linux /proc/self/fd and supported namespace/mount operations are required only by the private route. Stdin and seed fd are opened before mounting. Forth comments are left for the seed reader.,C20,chapters/20-complete-compiler-and-stage-a.md,Reference: where the compiler file actually lands,reference-where-the-compiler-file-actually-lands,complete-recipe-mechanism,taught,inspected-recipe,none claimed by this row,The actual private mount can fail after a successful probe. Loading optional provider files does not activate their profiles. Compiler and Forth execution were not performed for this map.,tools/compiler-layers.sh region LAY-order; chapters/19-translation-units-and-process-entry.md#reference-the-last-file-executes-not-merely-defines; namespace details also belong to the C20 filesystem-route session; chapters/20-complete-compiler-and-stage-a.md#first-list-load-the-forth-driver-last,https://github.com/delta9000/seed-forth/blob/7d7e1996d1753118181d43e1a413960d3a1ec24b/tests/cc/build-m2planet-monolith.sh#L82-L95
MONO-accept,tests/cc/build-m2planet-monolith.sh,7d7e1996d1753118181d43e1a413960d3a1ec24b,a6adc796e998b0d5802051e9d0673b43bf33b85f,96,99,acceptance-gate,Distinguish a produced-file gate from a correct-image claim.,Captured rc; OUT path after attempted compilation.,Continuation only for zero rc and a regular output file; otherwise FAIL diagnostic and exit 1.,Wrapper owns this conjunction; the Forth writer owns the attempted bytes.,"Reject if rc is not zero or [ ! -f OUT ] is true, reporting compile produced no output and the captured status.","Require rc=0 AND [ -f OUT ]. No executable-bit, size, hash or complete-write predicate occurs in this gate.",OUT must refer to the current route and no competing writer may replace it; the earlier rm is intended to remove stale output.,C20,chapters/20-complete-compiler-and-stage-a.md,Reference: where the compiler file actually lands,reference-where-the-compiler-file-actually-lands,complete-recipe-mechanism,taught,inspected-recipe,none claimed by this row,A regular file plus zero builder exit does not establish the intended complete ELF; C19 explains the one-write/ignored-result boundary.,chapters/19-translation-units-and-process-entry.md#close-the-promises-before-closing-the-file,https://github.com/delta9000/seed-forth/blob/7d7e1996d1753118181d43e1a413960d3a1ec24b/tests/cc/build-m2planet-monolith.sh#L96-L99
MONO-placement,tests/cc/build-m2planet-monolith.sh,7d7e1996d1753118181d43e1a413960d3a1ec24b,a6adc796e998b0d5802051e9d0673b43bf33b85f,100,106,artifact-placement-and-report,Move the fixed-path result to the requested wrapper destination and make it executable.,Accepted OUT file; optional CC_OUT and PTMP.,"CC_OUT result if requested, otherwise /tmp/cc-out; executable mode; OK message with byte count and rc.","Wrapper owns relocation, private-directory cleanup, mode and report.","If CC_OUT is nonempty, mv OUT to CC_OUT, remove nonempty PTMP and update OUT; chmod +x OUT; echo its wc -c size and compiler rc.","Move, cleanup and chmod commands must succeed under shell options; the printed size is not checked against a required value.",Requested parent is writable; default route leaves output at shared /tmp/cc-out. The prepared monolith is retained separately.,C20,chapters/20-complete-compiler-and-stage-a.md,Reference: where the compiler file actually lands,reference-where-the-compiler-file-actually-lands,complete-recipe-mechanism,taught,inspected-recipe,none claimed by this row,An OK report and executable mode do not establish semantic correctness; Stage A later applies its own executable test and output comparison.,,https://github.com/delta9000/seed-forth/blob/7d7e1996d1753118181d43e1a413960d3a1ec24b/tests/cc/build-m2planet-monolith.sh#L100-L106
GR-contract,tests/cc/build-gcc-refs.sh,7d7e1996d1753118181d43e1a413960d3a1ec24b,01b4b996cc1a923b010049b569880d4a3cfb4be4,1,20,declared-contract,Separate reference construction from the production ancestry and disclose incidental products.,"Host reference compiler; M2-Planet; mescc-tools; M2_PLANET, MESCC_TOOLS and CC overrides.","Declared m2-ref, M1-ref and hex2-ref products in one fresh directory.",Reference helper owns all three builds; separate bootstrap.sh production ancestry is outside this helper.,"Comments describe fresh direct host compilation without make, no writes into vendor, output-directory replacement and default gcc.",No executable predicate in this region; subsequent operations implement freshness and required builds.,CC may override gcc; source and tool identities must be recorded separately; helper comments do not enforce pinned checkouts.,C20,chapters/20-complete-compiler-and-stage-a.md,The reference helper builds more than Stage A consumes,the-reference-helper-builds-more-than-stage-a-consumes,interface-and-scope,taught,inspected-recipe,none claimed by this row,"Timing estimates and claims about cross-version GCC reproducibility are rationale, not local measurements or a general reproducibility theorem. Stage A consumes only m2-ref.",chapters/20-complete-compiler-and-stage-a.md#reference-follow-the-wider-chain-without-changing-the-comparison,https://github.com/delta9000/seed-forth/blob/7d7e1996d1753118181d43e1a413960d3a1ec24b/tests/cc/build-gcc-refs.sh#L1-L20
GR-context,tests/cc/build-gcc-refs.sh,7d7e1996d1753118181d43e1a413960d3a1ec24b,01b4b996cc1a923b010049b569880d4a3cfb4be4,21,28,setup,Require an explicit destination and choose source/tool paths.,"Exactly one positional directory argument; optional M2_PLANET, MESCC_TOOLS and CC.","Repository-root cwd; default vendor paths and CC=gcc, or usage diagnostic/exit 2.","Helper Bash process owns cwd, defaults and positional-argument validation.",Enable strict shell options; cd to repository root; require $# = 1; apply defaults using :-.,Exactly one argument is required; failed arity prints usage and exits 2. Setup directory change must also succeed.,"CC is invoked as one quoted command name/path, not split into a command plus embedded flags; relative paths begin at repository root.",C20,chapters/20-complete-compiler-and-stage-a.md,The reference helper builds more than Stage A consumes,the-reference-helper-builds-more-than-stage-a-consumes,complete-recipe-mechanism,taught,inspected-recipe,none claimed by this row,Accepting one destination argument does not check that deleting it is safe; the recipe below removes it recursively.,,https://github.com/delta9000/seed-forth/blob/7d7e1996d1753118181d43e1a413960d3a1ec24b/tests/cc/build-gcc-refs.sh#L21-L28
GR-prerequisites,tests/cc/build-gcc-refs.sh,7d7e1996d1753118181d43e1a413960d3a1ec24b,01b4b996cc1a923b010049b569880d4a3cfb4be4,29,35,prerequisite,Expose both source families required before Stage A can reach its actual comparison.,CC; M2 cc.c and nested M2libc/bootstrappable.c; mescc-tools M1-macro.c and its nested M2libc/bootstrappable.c.,"Continuation after command/source checks, or named failure on stderr and exit 1.",Helper owns sentinel checks; caller receives helper failure without a parity result.,Define fail; require command -v CC; require both M2 sentinels and both mescc-tools sentinels.,All command/file predicates must succeed; failure selects a tool or checkout diagnostic.,"The two M2libc locations can be different pinned commits; these checks establish only presence, not those identities or every source consumed later.",C20,chapters/20-complete-compiler-and-stage-a.md,The reference helper builds more than Stage A consumes,the-reference-helper-builds-more-than-stage-a-consumes,complete-recipe-mechanism,taught,inspected-recipe,none claimed by this row,Missing mescc-tools can block standalone Stage A although its M1-ref/hex2-ref outputs never feed the Stage-A compared files.,,https://github.com/delta9000/seed-forth/blob/7d7e1996d1753118181d43e1a413960d3a1ec24b/tests/cc/build-gcc-refs.sh#L29-L35
GR-fresh-directory,tests/cc/build-gcc-refs.sh,7d7e1996d1753118181d43e1a413960d3a1ec24b,01b4b996cc1a923b010049b569880d4a3cfb4be4,36,39,artifact-state,Eliminate reused reference products by recreating the requested output directory.,The single destination argument.,A newly recreated directory and its absolute path D.,"Helper owns the whole supplied destination directory, including destructive replacement of prior contents.",rm -rf the supplied directory; mkdir -p it; set D from cd into it followed by pwd.,"Removal, recreation and path resolution must complete under shell options.",Caller must choose an appropriate destination; Stage A supplies BUILDROOT/gcc-ref. Unique run directories avoid collisions.,C20,chapters/20-complete-compiler-and-stage-a.md,The reference helper builds more than Stage A consumes,the-reference-helper-builds-more-than-stage-a-consumes,complete-recipe-mechanism,taught,inspected-recipe,none claimed by this row,Freshness prevents silent artifact reuse but does not establish source identity or compiler correctness. This row describes the recipe; it does not perform deletion.,,https://github.com/delta9000/seed-forth/blob/7d7e1996d1753118181d43e1a413960d3a1ec24b/tests/cc/build-gcc-refs.sh#L36-L39
GR-m2-producer,tests/cc/build-gcc-refs.sh,7d7e1996d1753118181d43e1a413960d3a1ec24b,01b4b996cc1a923b010049b569880d4a3cfb4be4,40,43,producer-edge,Build the independent M2 reference executable from the original source vector.,CC; M2 cwd; M2libc/bootstrappable.c cc_reader.c cc_strings.c cc_types.c cc_emit.c cc_core.c cc_macro.c cc.c cc.h cc_globals.c gcc_req.h.,D/m2-ref.,Host CC and its hosted toolchain own compilation/linking; helper owns options and destination.,"In the M2 checkout invoke CC with -D_GNU_SOURCE -O0 -std=c99, the eleven listed source arguments in order and -o D/m2-ref; map nonzero status to gcc M2-Planet.",The compound invocation must return zero; otherwise fail exits 1. No output hash or source-content equality test is applied.,"Default gcc; actual CC, headers, assembler/linker and runtime are host-reference dependencies. This is not the filtered monolith input.",C20,chapters/20-complete-compiler-and-stage-a.md,The reference helper builds more than Stage A consumes,the-reference-helper-builds-more-than-stage-a-consumes,complete-recipe-mechanism,taught,inspected-recipe,none claimed by this row,Reference ELF identity is not the Stage-A predicate; the executable must later run on the shared comparison input.,,https://github.com/delta9000/seed-forth/blob/7d7e1996d1753118181d43e1a413960d3a1ec24b/tests/cc/build-gcc-refs.sh#L40-L43
GR-extra-producers,tests/cc/build-gcc-refs.sh,7d7e1996d1753118181d43e1a413960d3a1ec24b,01b4b996cc1a923b010049b569880d4a3cfb4be4,44,49,incidental-producer-edges,Explain why the helper builds tools that standalone Stage A never consumes.,CC; mescc-tools cwd; M1-macro.c stringify.c M2libc/bootstrappable.c; separately hex2.c hex2_linker.c hex2_word.c M2libc/bootstrappable.c.,D/M1-ref and D/hex2-ref.,Host CC owns each hosted build; helper makes both successful builds prerequisites for returning to Stage A.,"Invoke CC twice with -D_GNU_SOURCE -std=c99 -fno-common: first the M1 source list to M1-ref, then the hex2 list to hex2-ref; map failures to gcc M1 and gcc hex2.",Both compound invocations must return zero; either failure exits the helper with status 1.,The helper does not pass -O0 explicitly for these two builds. It uses mescc-tools and that checkout’s separate M2libc.,C20,chapters/20-complete-compiler-and-stage-a.md,The reference helper builds more than Stage A consumes,the-reference-helper-builds-more-than-stage-a-consumes,complete-recipe-mechanism,taught,inspected-recipe,none claimed by this row,"These are incidental helper dependencies, not assembly steps on Stage-A M1 output. M1 and hex2 implementations are outside this companion.",C21/C22: later assembler concepts and implementations; no later mechanism is claimed taught by this row,https://github.com/delta9000/seed-forth/blob/7d7e1996d1753118181d43e1a413960d3a1ec24b/tests/cc/build-gcc-refs.sh#L44-L49
GR-report,tests/cc/build-gcc-refs.sh,7d7e1996d1753118181d43e1a413960d3a1ec24b,01b4b996cc1a923b010049b569880d4a3cfb4be4,50,50,report,Name rebuilt products and report the selected compiler version when stdout is retained.,CC --version first output line; absolute D; reached post-build control flow.,One rebuilt-with-version message.,Helper owns the message; CC supplies its version string.,"Echo the three product names, the first line of CC --version via head -1, and D.","No hash, version allowlist or parity assertion is enforced by the message.","Stage A suppresses this helper’s stdout, so its ordinary transcript does not automatically preserve this compiler identity.",C20,chapters/20-complete-compiler-and-stage-a.md,The reference helper builds more than Stage A consumes,the-reference-helper-builds-more-than-stage-a-consumes,report-and-evidence-boundary,taught,inspected-recipe,none claimed by this row,A source print statement is not an observed build log; a reproducibility record should retain actual tool identity separately.,,https://github.com/delta9000/seed-forth/blob/7d7e1996d1753118181d43e1a413960d3a1ec24b/tests/cc/build-gcc-refs.sh#L50-L50
LAY-order,tools/compiler-layers.sh,7d7e1996d1753118181d43e1a413960d3a1ec24b,2a55fa711df62bf3ac43b674009a0db057b66496,1,10,ordered-input-selection,Load optional compiler definitions before the file whose final word starts compilation.,Optional root argument defaulting to .; filenames matching [0-9][0-9][0-9]-cc-*.fth.,"One path per line: all glob matches except 120-cc-main.fth, then root/120-cc-main.fth last.",Bash glob expansion owns the initial filename order; helper owns exclusion and final append; cc-main owns subsequent raw C consumption.,"Enable strict shell options; select root; loop over matching paths, skip */120-cc-main.fth, print others; print main exactly once at the end.","No source hash, file-count, existence or profile-selection gate is implemented. The pinned tree supplies the matching files.",At this pin the helper selects 30 compiler files; with 010-lib.fth the input has 31 Forth files. 130-asm.fth does not match. Extra matching files change the actual stream.,C20,chapters/20-complete-compiler-and-stage-a.md,First list: load the Forth driver last,first-list-load-the-forth-driver-last,complete-recipe-mechanism,taught,inspected-recipe,none claimed by this row,"Loading optional native/System V/object libraries does not activate those drivers. This row covers filename selection and main-last causality, not every loaded implementation.",chapters/01-compiler-entry-and-profile.md#why-the-executing-main-file-comes-last; chapters/19-translation-units-and-process-entry.md#reference-the-last-file-executes-not-merely-defines; C23/C24 and G: later optional-profile mechanisms,https://github.com/delta9000/seed-forth/blob/7d7e1996d1753118181d43e1a413960d3a1ec24b/tools/compiler-layers.sh#L1-L10
BUILD-contract,build.sh,7d7e1996d1753118181d43e1a413960d3a1ec24b,47b9c426aaa17bed389119b89f313a7107b9d15c,1,10,declared-contract,Expose the external assembler dependency when no usable root seed exists.,000-seed.hex0; an externally obtained hex0 assembler.,A stated seed reconstruction contract and out-of-band acquisition context.,The external assembler/tool lineage owns the initial executable capability; this script orchestrates reconstruction.,Comments describe the default stage0-posix hex0-seed route and name historical alternative ways to decode hex0; no alternative command is executed in this region.,No gate in comments; assembler selection and executable test occur below.,"The 229-byte description concerns the external assembler, not the generated seed-forth. The selected tool and host remain trust assumptions.",C20,chapters/20-complete-compiler-and-stage-a.md,Reference: establish the comparison environment,reference-establish-the-comparison-environment,interface-and-scope,taught,inspected-recipe,none claimed by this row,The comment hermetic is not proof of a verified complete environment. This map does not audit the assembler implementation or reproduce bootstrap trust claims.,chapters/20-complete-compiler-and-stage-a.md#keep-a-results-perimeter-visible,https://github.com/delta9000/seed-forth/blob/7d7e1996d1753118181d43e1a413960d3a1ec24b/build.sh#L1-L10
BUILD-context,build.sh,7d7e1996d1753118181d43e1a413960d3a1ec24b,47b9c426aaa17bed389119b89f313a7107b9d15c,11,15,setup,Select the actual assembler path in a stable repository-root context.,Script location; optional HEX0 environment value.,Root cwd; HEX0 default vendor/stage0-posix/bootstrap-seeds/POSIX/AMD64/hex0-seed.,build.sh owns cwd and selected tool path.,Enable set -euo pipefail; cd to the script directory; use the nonempty HEX0 override or default path.,Setup must succeed; no tool revision or hash is tested here.,Default points to a Linux/POSIX AMD64 bootstrap seed; an override may choose another assembler.,C20,chapters/20-complete-compiler-and-stage-a.md,Reference: establish the comparison environment,reference-establish-the-comparison-environment,complete-recipe-mechanism,taught,inspected-recipe,none claimed by this row,A configured path does not establish that its file is the expected pinned assembler.,,https://github.com/delta9000/seed-forth/blob/7d7e1996d1753118181d43e1a413960d3a1ec24b/build.sh#L11-L15
BUILD-missing-tool,build.sh,7d7e1996d1753118181d43e1a413960d3a1ec24b,47b9c426aaa17bed389119b89f313a7107b9d15c,16,26,prerequisite-and-diagnostic,Stop with a recoverable setup diagnosis when the selected assembler is unavailable.,Selected HEX0 path.,If nonexecutable: stderr diagnostic with submodule setup and override suggestions; exit 1. Otherwise continuation.,build.sh owns the executable predicate and diagnostic; suggested setup is left to a separate action.,"Test [ ! -x HEX0 ]; on true print a here-document identifying the path and setup alternatives, then exit 1.","Continuation requires [ -x HEX0 ]; no version, digest or assembly-correctness test occurs.",Required filesystem/tool access; executable test is a presence/mode check.,C20,chapters/20-complete-compiler-and-stage-a.md,Reference: establish the comparison environment,reference-establish-the-comparison-environment,complete-recipe-mechanism,taught,inspected-recipe,none claimed by this row,"The printed git commands are guidance text, not commands this script executes. No dependency installation or network operation was performed for this companion.",,https://github.com/delta9000/seed-forth/blob/7d7e1996d1753118181d43e1a413960d3a1ec24b/build.sh#L16-L26
BUILD-produce,build.sh,7d7e1996d1753118181d43e1a413960d3a1ec24b,47b9c426aaa17bed389119b89f313a7107b9d15c,27,29,producer-edge-and-report,Turn seed text into the executable builder and report its length.,Selected HEX0 executable; 000-seed.hex0 in root cwd.,Root seed-forth; executable mode; Built seed-forth message with wc -c size and HEX0 path.,"External HEX0 owns decoding bytes; build.sh owns destination, chmod and reporting.",Invoke HEX0 with 000-seed.hex0 and seed-forth positional paths; chmod +x seed-forth; echo its byte count and assembler path.,Assembler invocation and chmod must succeed under shell options; no required 1772-byte size or seed hash is checked.,Execution depends on the selected assembler and host. Stage A invokes this route only when its initial executable-seed test fails.,C20,chapters/20-complete-compiler-and-stage-a.md,Reference: establish the comparison environment,reference-establish-the-comparison-environment,complete-recipe-mechanism,taught,inspected-recipe,none claimed by this row,A reported size is not a content oracle; an observed run would need its tool identity and resulting artifact evidence. No seed was built here.,,https://github.com/delta9000/seed-forth/blob/7d7e1996d1753118181d43e1a413960d3a1ec24b/build.sh#L27-L29
