source_path,source_revision,source_blob_sha,start_line,end_line,primary_unit,scope,interface_notes,declarations,manuscript_path,manuscript_status,source_url
040-cc-prep.fth,bbcc1732152af2d884737272eed870d2410ffe8e,9a9852f9d00bbdb692406145a5b83253de034121,1,43,C03,Whole-pass input/output and dependency contract.,C03,,chapters/03-preprocessing-regions-and-includes.md,drafted,https://github.com/delta9000/seed-forth/blob/bbcc1732152af2d884737272eed870d2410ffe8e/040-cc-prep.fth#L1-L43
040-cc-prep.fth,bbcc1732152af2d884737272eed870d2410ffe8e,9a9852f9d00bbdb692406145a5b83253de034121,44,111,C03,"Sink record, byte append, block copy, sink stack and shadow-forwarding seams.",C03; C04 opens flags,cc-pp-sink; cc-pp-out; cc-pp-out-pos; cc-pp-out-cap; cc-pp-out-code; cc-prep-direct; cc-pp-out-flags; cc-pp-select-flags-default; cc-pp-select-flags-fwd; cc-prep-emit-byte; cc-pp-copy-byte-default; cc-pp-copy-byte-fwd; cc-pp-emit-bytes; cc-pp-copy4; cc-pp-sinks-cap; cc-pp-sinks; cc-pp-sink-depth; cc-pp-sink-push; cc-pp-sink-pop,chapters/03-preprocessing-regions-and-includes.md,drafted,https://github.com/delta9000/seed-forth/blob/bbcc1732152af2d884737272eed870d2410ffe8e/040-cc-prep.fth#L44-L111
040-cc-prep.fth,bbcc1732152af2d884737272eed870d2410ffe8e,9a9852f9d00bbdb692406145a5b83253de034121,112,129,C04,Scratch reserve/retained-text lifetime and metadata premise.,C04,cc-pp-scratch-cap; cc-pp-scratch; cc-pp-scratch-top; cc-pp-temp-cap,chapters/04-macro-expansion-and-rescanning.md,drafted,https://github.com/delta9000/seed-forth/blob/bbcc1732152af2d884737272eed870d2410ffe8e/040-cc-prep.fth#L112-L129
040-cc-prep.fth,bbcc1732152af2d884737272eed870d2410ffe8e,9a9852f9d00bbdb692406145a5b83253de034121,130,168,C04,"Shadow addressing, clearing/forwarding marks, fixed mapping and marked-paste boundary.",C04,cc-pp-flags-base; cc-pp-flag-address; cc-pp-unavailable?; cc-pp-select-flags; cc-pp-copy-marked-byte; cc-pp-flags-init; cc-pp-paste-bytes,chapters/04-macro-expansion-and-rescanning.md,drafted,https://github.com/delta9000/seed-forth/blob/bbcc1732152af2d884737272eed870d2410ffe8e/040-cc-prep.fth#L130-L168
040-cc-prep.fth,bbcc1732152af2d884737272eed870d2410ffe8e,9a9852f9d00bbdb692406145a5b83253de034121,169,188,C04,Scratch bump allocation and temporary sink begin/end.,C04,cc-pp-scratch-alloc; cc-pp-temp-begin; cc-pp-temp-end,chapters/04-macro-expansion-and-rescanning.md,drafted,https://github.com/delta9000/seed-forth/blob/bbcc1732152af2d884737272eed870d2410ffe8e/040-cc-prep.fth#L169-L188
040-cc-prep.fth,bbcc1732152af2d884737272eed870d2410ffe8e,9a9852f9d00bbdb692406145a5b83253de034121,189,246,C04,"Six macro arrays, selected-buffer indirection, count and persistent text pool.",C04; C05 compares workspace limits,cc-macro-default-cap; cc-macro-limit; cc-macro-cap; cc-macro-default-name-addr; cc-macro-name-addr-buffer; cc-macro-name-addr; cc-macro-default-name-len; cc-macro-name-len-buffer; cc-macro-name-len; cc-macro-default-body-addr; cc-macro-body-addr-buffer; cc-macro-body-addr; cc-macro-default-body-len; cc-macro-body-len-buffer; cc-macro-body-len; cc-macro-default-params; cc-macro-params-buffer; cc-macro-params; cc-macro-default-busy; cc-macro-busy-buffer; cc-macro-busy; cc-macro-count; cc-macro-pool-cap; cc-macro-pool; cc-macro-pool-pos; cc-macro-direct-cap; cc-macro-direct-base,chapters/04-macro-expansion-and-rescanning.md,drafted,https://github.com/delta9000/seed-forth/blob/bbcc1732152af2d884737272eed870d2410ffe8e/040-cc-prep.fth#L189-L246
040-cc-prep.fth,bbcc1732152af2d884737272eed870d2410ffe8e,9a9852f9d00bbdb692406145a5b83253de034121,247,291,C04,"Pool sink switching, copy/record/add and newest-first lookup.",C04,cc-pp-to-pool; cc-pp-from-pool; cc-pp-pool-copy; cc-macro-record; cc-macro-add; cc-macro-find,chapters/04-macro-expansion-and-rescanning.md,drafted,https://github.com/delta9000/seed-forth/blob/bbcc1732152af2d884737272eed870d2410ffe8e/040-cc-prep.fth#L247-L291
040-cc-prep.fth,bbcc1732152af2d884737272eed870d2410ffe8e,9a9852f9d00bbdb692406145a5b83253de034121,292,341,C03,"Region fields, bounds/peek/advance and pair recognition.",C03,cc-prep-src-addr; cc-prep-src-len; cc-prep-src-pos; cc-prep-in-file; cc-prep-at-line-start; cc-prep-eor?; cc-prep-peek; cc-prep-advance; cc-prep-peek2; cc-prep-skip-blanks; cc-prep-at?,chapters/03-preprocessing-regions-and-includes.md,drafted,https://github.com/delta9000/seed-forth/blob/bbcc1732152af2d884737272eed870d2410ffe8e/040-cc-prep.fth#L292-L341
040-cc-prep.fth,bbcc1732152af2d884737272eed870d2410ffe8e,9a9852f9d00bbdb692406145a5b83253de034121,342,357,C03,Owed newline counter and repayment.,C03,cc-pp-pending-nl; cc-pp-flush-nl,chapters/03-preprocessing-regions-and-includes.md,drafted,https://github.com/delta9000/seed-forth/blob/bbcc1732152af2d884737272eed870d2410ffe8e/040-cc-prep.fth#L342-L357
040-cc-prep.fth,bbcc1732152af2d884737272eed870d2410ffe8e,9a9852f9d00bbdb692406145a5b83253de034121,358,382,C03,Three disposal modes and one-byte take operation.,C03; C05 opens location gates,put-drop; put-emit; put-count; cc-pp-put-mode; cc-pp-line-control; cc-pp-location-enabled; cc-pp-put; cc-pp-take,chapters/03-preprocessing-regions-and-includes.md,drafted,https://github.com/delta9000/seed-forth/blob/bbcc1732152af2d884737272eed870d2410ffe8e/040-cc-prep.fth#L358-L382
040-cc-prep.fth,bbcc1732152af2d884737272eed870d2410ffe8e,9a9852f9d00bbdb692406145a5b83253de034121,383,443,C05,"LF/CRLF continuation recognition, lookahead and comment-phase splice disposal.",C05,cc-pp-line-continuation?; cc-pp-take-continuation; cc-pp-splice-skip; cc-pp-at-spliced?; cc-pp-comment-splice?; cc-pp-drop-splice; cc-pp-drop-splices,chapters/05-conditionals-and-profile-extensions.md,drafted,https://github.com/delta9000/seed-forth/blob/bbcc1732152af2d884737272eed870d2410ffe8e/040-cc-prep.fth#L383-L443
040-cc-prep.fth,bbcc1732152af2d884737272eed870d2410ffe8e,9a9852f9d00bbdb692406145a5b83253de034121,444,513,C03,Comment/literal walkers and directive-tail newline ownership.,C03; C05 extends splice behavior,cc-pp-block-comment; cc-pp-line-comment; cc-pp-literal-splices; cc-pp-literal; cc-prep-skip-to-eol,chapters/03-preprocessing-regions-and-includes.md,drafted,https://github.com/delta9000/seed-forth/blob/bbcc1732152af2d884737272eed870d2410ffe8e/040-cc-prep.fth#L444-L513
040-cc-prep.fth,bbcc1732152af2d884737272eed870d2410ffe8e,9a9852f9d00bbdb692406145a5b83253de034121,514,524,C05,Fail-closed line-control token-splice boundary.,C05,cc-pp-line-splice-boundary,chapters/05-conditionals-and-profile-extensions.md,drafted,https://github.com/delta9000/seed-forth/blob/bbcc1732152af2d884737272eed870d2410ffe8e/040-cc-prep.fth#L514-L524
040-cc-prep.fth,bbcc1732152af2d884737272eed870d2410ffe8e,9a9852f9d00bbdb692406145a5b83253de034121,525,553,C04,Borrowed directive-line slice without consuming its terminator.,C04; C05 reuses it,cc-pp-line-slice,chapters/04-macro-expansion-and-rescanning.md,drafted,https://github.com/delta9000/seed-forth/blob/bbcc1732152af2d884737272eed870d2410ffe8e/040-cc-prep.fth#L525-L553
040-cc-prep.fth,bbcc1732152af2d884737272eed870d2410ffe8e,9a9852f9d00bbdb692406145a5b83253de034121,554,604,C04,"Identifier slices, equality, required name/paren and number protection.",C04; C03 may preview name interface,cc-prep-ident-addr; cc-prep-ident-len; cc-prep-read-ident; cc-prep-ident=; cc-pp-need-name; cc-pp-need-rparen; cc-pp-copy-number,chapters/04-macro-expansion-and-rescanning.md,drafted,https://github.com/delta9000/seed-forth/blob/bbcc1732152af2d884737272eed870d2410ffe8e/040-cc-prep.fth#L554-L604
040-cc-prep.fth,bbcc1732152af2d884737272eed870d2410ffe8e,9a9852f9d00bbdb692406145a5b83253de034121,605,667,C03,"Legacy slots, packed direct include pool and coordinated workspace selectors.",C03; C05 consolidates profiles,cc-prep-inc-slot-cap; cc-prep-inc-slot-count; cc-prep-inc-pool; cc-prep-inc-depth; cc-prep-inc-top; cc-prep-direct-depth; cc-prep-inc-slot-addr; cc-prep-inc-direct-cap; cc-prep-inc-buffer; cc-prep-inc-limit; cc-prep-inc-direct-base; cc-prep-inc-buf; cc-prep-inc-cap; cc-prep-default-workspace; cc-prep-direct-workspace,chapters/03-preprocessing-regions-and-includes.md,drafted,https://github.com/delta9000/seed-forth/blob/bbcc1732152af2d884737272eed870d2410ffe8e/040-cc-prep.fth#L605-L667
040-cc-prep.fth,bbcc1732152af2d884737272eed870d2410ffe8e,9a9852f9d00bbdb692406145a5b83253de034121,668,717,C03,"Path builder, literal fallback and explicit include/source/physical-file tables.",C03,cc-prep-path-cap; cc-prep-path-buf; cc-prep-path-out; cc-prep-tests-prefix; cc-prep-tests-prefix-len; cc-prep-append; cc-prep-build-path; cc-prep-include-max; cc-prep-include-dirs; cc-prep-include-lens; cc-prep-include-count; cc-prep-source-path; cc-prep-source-len; cc-prep-file-paths; cc-prep-file-lens; cc-prep-inc-mode,chapters/03-preprocessing-regions-and-includes.md,drafted,https://github.com/delta9000/seed-forth/blob/bbcc1732152af2d884737272eed870d2410ffe8e/040-cc-prep.fth#L668-L717
040-cc-prep.fth,bbcc1732152af2d884737272eed870d2410ffe8e,9a9852f9d00bbdb692406145a5b83253de034121,718,765,C05,Expansion location depth and per-file physical cursor/logical offset/name state.,C05,cc-pp-location-line; cc-pp-location-rescan; cc-pp-location-depth; cc-pp-location-object-root; cc-pp-location-begin; cc-pp-location-end; cc-pp-file-base; cc-pp-file-end; cc-pp-file-cursor; cc-pp-file-line; cc-pp-file-offset; cc-pp-file-names; cc-pp-file-name-len; cc-pp-logical-name; cc-pp-location-cell; cc-pp-location-enter; cc-pp-location-at,chapters/05-conditionals-and-profile-extensions.md,drafted,https://github.com/delta9000/seed-forth/blob/bbcc1732152af2d884737272eed870d2410ffe8e/040-cc-prep.fth#L718-L765
040-cc-prep.fth,bbcc1732152af2d884737272eed870d2410ffe8e,9a9852f9d00bbdb692406145a5b83253de034121,766,812,C03,"Configuration lifetime, path copying/normalization and physical path tracking.",C03,cc-prep-config-reset; cc-prep-copy-path; cc-prep-source-name; cc-prep-add-include; cc-prep-directory; cc-prep-current-path; cc-prep-record-path,chapters/03-preprocessing-regions-and-includes.md,drafted,https://github.com/delta9000/seed-forth/blob/bbcc1732152af2d884737272eed870d2410ffe8e/040-cc-prep.fth#L766-L812
040-cc-prep.fth,bbcc1732152af2d884737272eed870d2410ffe8e,9a9852f9d00bbdb692406145a5b83253de034121,813,879,C03,"Read-only open, search order, bounded load and close.",C03,cc-prep-try-open; cc-prep-load-name-a; cc-prep-load-name-u; cc-prep-open-include; cc-prep-load-file,chapters/03-preprocessing-regions-and-includes.md,drafted,https://github.com/delta9000/seed-forth/blob/bbcc1732152af2d884737272eed870d2410ffe8e/040-cc-prep.fth#L813-L879
040-cc-prep.fth,bbcc1732152af2d884737272eed870d2410ffe8e,9a9852f9d00bbdb692406145a5b83253de034121,880,905,C04,Mutual-recursion deferred words and nested non-file replacement region.,C04; C03 uses scan/dispatch seams,cc-pp-scan-fwd; cc-prep-handle-directive-fwd; cc-pp-rescan-tail-fwd; cc-pp-expand-text,chapters/04-macro-expansion-and-rescanning.md,drafted,https://github.com/delta9000/seed-forth/blob/bbcc1732152af2d884737272eed870d2410ffe8e/040-cc-prep.fth#L880-L905
040-cc-prep.fth,bbcc1732152af2d884737272eed870d2410ffe8e,9a9852f9d00bbdb692406145a5b83253de034121,906,925,C05,Special defined lookup before operand expansion.,C05,cc-pp-in-if; cc-pp-n-defined; cc-pp-defined,chapters/05-conditionals-and-profile-extensions.md,drafted,https://github.com/delta9000/seed-forth/blob/bbcc1732152af2d884737272eed870d2410ffe8e/040-cc-prep.fth#L906-L925
040-cc-prep.fth,bbcc1732152af2d884737272eed870d2410ffe8e,9a9852f9d00bbdb692406145a5b83253de034121,926,949,C04,Reversible function-call opening-parenthesis lookahead.,C04,cc-pp-paren-ahead?,chapters/04-macro-expansion-and-rescanning.md,drafted,https://github.com/delta9000/seed-forth/blob/bbcc1732152af2d884737272eed870d2410ffe8e/040-cc-prep.fth#L926-L949
040-cc-prep.fth,bbcc1732152af2d884737272eed870d2410ffe8e,9a9852f9d00bbdb692406145a5b83253de034121,950,998,C04,Raw argument record block and nested delimiter collection.,C04,cc-pp-args-max; cc-pp-ca-recs; cc-pp-ca-n; cc-pp-ca-depth; cc-pp-ca-start; cc-pp-ca-record; cc-pp-collect-args,chapters/04-macro-expansion-and-rescanning.md,drafted,https://github.com/delta9000/seed-forth/blob/bbcc1732152af2d884737272eed870d2410ffe8e/040-cc-prep.fth#L950-L998
040-cc-prep.fth,bbcc1732152af2d884737272eed870d2410ffe8e,9a9852f9d00bbdb692406145a5b83253de034121,999,1045,C04,"All-argument prescan, raw-record duplication and legacy substitution.",C04,cc-pp-expand-args; cc-pp-duplicate-args; cc-pp-sub-raw; cc-pp-sub-recs; cc-pp-sub-n; cc-pp-substitute-legacy,chapters/04-macro-expansion-and-rescanning.md,drafted,https://github.com/delta9000/seed-forth/blob/bbcc1732152af2d884737272eed870d2410ffe8e/040-cc-prep.fth#L999-L1045
040-cc-prep.fth,bbcc1732152af2d884737272eed870d2410ffe8e,9a9852f9d00bbdb692406145a5b83253de034121,1046,1086,C04,Slice trimming and raw-string byte/comment state machine helpers.,C04,cc-pp-trim-slice; cc-pp-string-quote; cc-pp-string-escape; cc-pp-string-space; cc-pp-string-start; cc-pp-string-byte; cc-pp-string-a; cc-pp-string-u; cc-pp-string-peek; cc-pp-string-step; cc-pp-string-at?; cc-pp-string-comment,chapters/04-macro-expansion-and-rescanning.md,drafted,https://github.com/delta9000/seed-forth/blob/bbcc1732152af2d884737272eed870d2410ffe8e/040-cc-prep.fth#L1046-L1086
040-cc-prep.fth,bbcc1732152af2d884737272eed870d2410ffe8e,9a9852f9d00bbdb692406145a5b83253de034121,1087,1130,C04,Stringification with whitespace collapse and literal escaping.,C04,cc-pp-stringify,chapters/04-macro-expansion-and-rescanning.md,drafted,https://github.com/delta9000/seed-forth/blob/bbcc1732152af2d884737272eed870d2410ffe8e/040-cc-prep.fth#L1087-L1130
040-cc-prep.fth,bbcc1732152af2d884737272eed870d2410ffe8e,9a9852f9d00bbdb692406145a5b83253de034121,1131,1189,C04,"Paste adjacency, ordinary-use detection, selective prescan and raw newline debt.",C04,cc-pp-sub-joining; cc-pp-paste-ahead?; cc-pp-arg-index; cc-pp-arg-paste; cc-pp-arg-expanded?; cc-pp-count-raw-lines; cc-pp-expand-used-args,chapters/04-macro-expansion-and-rescanning.md,drafted,https://github.com/delta9000/seed-forth/blob/bbcc1732152af2d884737272eed870d2410ffe8e/040-cc-prep.fth#L1131-L1189
040-cc-prep.fth,bbcc1732152af2d884737272eed870d2410ffe8e,9a9852f9d00bbdb692406145a5b83253de034121,1190,1232,C04,Raw/expanded argument selection and direct substitution/dispatch.,C04,cc-pp-sub-argument; cc-pp-substitute-direct; cc-pp-substitute,chapters/04-macro-expansion-and-rescanning.md,drafted,https://github.com/delta9000/seed-forth/blob/bbcc1732152af2d884737272eed870d2410ffe8e/040-cc-prep.fth#L1190-L1232
040-cc-prep.fth,bbcc1732152af2d884737272eed870d2410ffe8e,9a9852f9d00bbdb692406145a5b83253de034121,1233,1235,C04,Addressing the per-definition busy cell.,C04,cc-macro-busy-cell,chapters/04-macro-expansion-and-rescanning.md,drafted,https://github.com/delta9000/seed-forth/blob/bbcc1732152af2d884737272eed870d2410ffe8e/040-cc-prep.fth#L1233-L1235
040-cc-prep.fth,bbcc1732152af2d884737272eed870d2410ffe8e,9a9852f9d00bbdb692406145a5b83253de034121,1236,1303,C05,"Dynamic decimal/filename formatting and stdin name fallback. Optional output-to-source diagnostic line map, current filename and include resume records.",C05,cc-pp-location-digits; cc-pp-location-digit-count; cc-pp-location-number; cc-pp-location-string-byte; cc-pp-stdin-name; cc-pp-current-name; cc-pp-location-filename; cc-pp-line-map-on; cc-pp-line-map; cc-pp-map-resume; cc-pp-line-map-note; cc-pp-line-map-find,chapters/05-conditionals-and-profile-extensions.md,drafted,https://github.com/delta9000/seed-forth/blob/bbcc1732152af2d884737272eed870d2410ffe8e/040-cc-prep.fth#L1236-L1303
040-cc-prep.fth,bbcc1732152af2d884737272eed870d2410ffe8e,9a9852f9d00bbdb692406145a5b83253de034121,1304,1357,C04,"Object and function expansion, busy interval, scratch rollback, dynamic-object dispatch.",C04; C05 opens location wrappers/tags,cc-pp-expand-object-body; cc-pp-expand-object; cc-pp-expand-call-body; cc-pp-expand-call,chapters/04-macro-expansion-and-rescanning.md,drafted,https://github.com/delta9000/seed-forth/blob/bbcc1732152af2d884737272eed870d2410ffe8e/040-cc-prep.fth#L1304-L1357
040-cc-prep.fth,bbcc1732152af2d884737272eed870d2410ffe8e,9a9852f9d00bbdb692406145a5b83253de034121,1358,1391,C04,Final-token tail rescan against restored surrounding source.,C04,cc-pp-tail-start; cc-pp-tail-end; cc-pp-tail-name; cc-pp-rescan-tail,chapters/04-macro-expansion-and-rescanning.md,drafted,https://github.com/delta9000/seed-forth/blob/bbcc1732152af2d884737272eed870d2410ffe8e/040-cc-prep.fth#L1358-L1391
040-cc-prep.fth,bbcc1732152af2d884737272eed870d2410ffe8e,9a9852f9d00bbdb692406145a5b83253de034121,1392,1431,C04,"Identifier dispatch, busy-token marking, suppression and file-level newline repayment.",C04; C05 opens location update,cc-pp-ident-work; cc-pp-ident,chapters/04-macro-expansion-and-rescanning.md,drafted,https://github.com/delta9000/seed-forth/blob/bbcc1732152af2d884737272eed870d2410ffe8e/040-cc-prep.fth#L1392-L1431
040-cc-prep.fth,bbcc1732152af2d884737272eed870d2410ffe8e,9a9852f9d00bbdb692406145a5b83253de034121,1432,1462,C05,Three conditional states and innermost-state storage.,C05; C03 uses skipping predicate,cond-take; cond-done; cond-seek; cc-pp-cond-cap; cc-pp-cond; cc-pp-cond-depth; cc-pp-cond-top; cc-pp-skipping?,chapters/05-conditionals-and-profile-extensions.md,drafted,https://github.com/delta9000/seed-forth/blob/bbcc1732152af2d884737272eed870d2410ffe8e/040-cc-prep.fth#L1432-L1462
040-cc-prep.fth,bbcc1732152af2d884737272eed870d2410ffe8e,9a9852f9d00bbdb692406145a5b83253de034121,1463,1491,C03,Skipped construct walk and file-vs-macro comment disposal.,C03; C05 opens skipped/location cases,cc-pp-skip-char; cc-pp-comment,chapters/03-preprocessing-regions-and-includes.md,drafted,https://github.com/delta9000/seed-forth/blob/bbcc1732152af2d884737272eed870d2410ffe8e/040-cc-prep.fth#L1463-L1491
040-cc-prep.fth,bbcc1732152af2d884737272eed870d2410ffe8e,9a9852f9d00bbdb692406145a5b83253de034121,1492,1529,C05,Safe ordinary-file splice-boundary lookahead.,C05,cc-pp-splice-next; cc-pp-whole-punct?; cc-pp-file-splice-safe?,chapters/05-conditionals-and-profile-extensions.md,drafted,https://github.com/delta9000/seed-forth/blob/bbcc1732152af2d884737272eed870d2410ffe8e/040-cc-prep.fth#L1492-L1529
040-cc-prep.fth,bbcc1732152af2d884737272eed870d2410ffe8e,9a9852f9d00bbdb692406145a5b83253de034121,1530,1566,C03,One-construct scanner dispatch and file-vs-macro newline behavior.,C03; C04/C05 open branch handlers,cc-pp-scan-char,chapters/03-preprocessing-regions-and-includes.md,drafted,https://github.com/delta9000/seed-forth/blob/bbcc1732152af2d884737272eed870d2410ffe8e/040-cc-prep.fth#L1530-L1566
040-cc-prep.fth,bbcc1732152af2d884737272eed870d2410ffe8e,9a9852f9d00bbdb692406145a5b83253de034121,1567,1599,C05,Location-enabled directive prefix whitespace/comment/continuation handling.,C05,cc-prep-isd-save-pos; cc-prep-directive-blanks; cc-prep-directive-prefix,chapters/05-conditionals-and-profile-extensions.md,drafted,https://github.com/delta9000/seed-forth/blob/bbcc1732152af2d884737272eed870d2410ffe8e/040-cc-prep.fth#L1567-L1599
040-cc-prep.fth,bbcc1732152af2d884737272eed870d2410ffe8e,9a9852f9d00bbdb692406145a5b83253de034121,1600,1636,C03,"Reversible directive recognition, scan loop and deferred scan binding.",C03,cc-prep-line-is-directive?; cc-prep-at-directive?; cc-pp-scan,chapters/03-preprocessing-regions-and-includes.md,drafted,https://github.com/delta9000/seed-forth/blob/bbcc1732152af2d884737272eed870d2410ffe8e/040-cc-prep.fth#L1600-L1636
040-cc-prep.fth,bbcc1732152af2d884737272eed870d2410ffe8e,9a9852f9d00bbdb692406145a5b83253de034121,1637,1681,C05,Evaluator interface and temporary lifetime; conditional stack/name/underflow helpers.,C05,cc-pp-eval; cc-pp-if-value; cc-pp-cond-push; cc-pp-cond-open; cc-pp-defined-name?; cc-pp-need-group,chapters/05-conditionals-and-profile-extensions.md,drafted,https://github.com/delta9000/seed-forth/blob/bbcc1732152af2d884737272eed870d2410ffe8e/040-cc-prep.fth#L1637-L1681
040-cc-prep.fth,bbcc1732152af2d884737272eed870d2410ffe8e,9a9852f9d00bbdb692406145a5b83253de034121,1682,1736,C05,Six directive-name byte strings and conditional state transitions.,C05,cc-pp-n-if; cc-pp-n-ifdef; cc-pp-n-ifndef; cc-pp-n-elif; cc-pp-n-else; cc-pp-n-endif; cc-pp-cond-directive,chapters/05-conditionals-and-profile-extensions.md,drafted,https://github.com/delta9000/seed-forth/blob/bbcc1732152af2d884737272eed870d2410ffe8e/040-cc-prep.fth#L1682-L1736
040-cc-prep.fth,bbcc1732152af2d884737272eed870d2410ffe8e,9a9852f9d00bbdb692406145a5b83253de034121,1737,1760,C03,Per-depth region restore arrays and literal-header parser state.,C03,cc-prep-save-count; cc-prep-save-addr; cc-prep-save-len; cc-prep-save-pos; cc-prep-save-slot; cc-prep-inc-end; cc-prep-inc-expanded,chapters/03-preprocessing-regions-and-includes.md,drafted,https://github.com/delta9000/seed-forth/blob/bbcc1732152af2d884737272eed870d2410ffe8e/040-cc-prep.fth#L1737-L1760
040-cc-prep.fth,bbcc1732152af2d884737272eed870d2410ffe8e,9a9852f9d00bbdb692406145a5b83253de034121,1761,1820,C03,"Literal header parse, nested include ownership, source-region restoration.",C03; C05 opens computed checks,cc-prep-include-literal,chapters/03-preprocessing-regions-and-includes.md,drafted,https://github.com/delta9000/seed-forth/blob/bbcc1732152af2d884737272eed870d2410ffe8e/040-cc-prep.fth#L1761-L1820
040-cc-prep.fth,bbcc1732152af2d884737272eed870d2410ffe8e,9a9852f9d00bbdb692406145a5b83253de034121,1821,1848,C05,"Computed-header macro expansion, operand region and scratch restoration.",C05,cc-prep-handle-include,chapters/05-conditionals-and-profile-extensions.md,drafted,https://github.com/delta9000/seed-forth/blob/bbcc1732152af2d884737272eed870d2410ffe8e/040-cc-prep.fth#L1821-L1848
040-cc-prep.fth,bbcc1732152af2d884737272eed870d2410ffe8e,9a9852f9d00bbdb692406145a5b83253de034121,1849,1883,C05,"Line-control state, whitespace, decimal range and digit classifiers.",C05,cc-pp-line-number; cc-pp-line-name-size; cc-pp-line-blanks; cc-pp-line-decimal; cc-pp-line-hex; cc-pp-line-octal?,chapters/05-conditionals-and-profile-extensions.md,drafted,https://github.com/delta9000/seed-forth/blob/bbcc1732152af2d884737272eed870d2410ffe8e/040-cc-prep.fth#L1849-L1883
040-cc-prep.fth,bbcc1732152af2d884737272eed870d2410ffe8e,9a9852f9d00bbdb692406145a5b83253de034121,1884,1926,C05,Bounded filename escape decoding and logical-name storage.,C05,cc-pp-line-escape; cc-pp-line-filename,chapters/05-conditionals-and-profile-extensions.md,drafted,https://github.com/delta9000/seed-forth/blob/bbcc1732152af2d884737272eed870d2410ffe8e/040-cc-prep.fth#L1884-L1926
040-cc-prep.fth,bbcc1732152af2d884737272eed870d2410ffe8e,9a9852f9d00bbdb692406145a5b83253de034121,1927,1950,C05,Expanded line-control operand validation and following-line offset installation.,C05,cc-prep-handle-line,chapters/05-conditionals-and-profile-extensions.md,drafted,https://github.com/delta9000/seed-forth/blob/bbcc1732152af2d884737272eed870d2410ffe8e/040-cc-prep.fth#L1927-L1950
040-cc-prep.fth,bbcc1732152af2d884737272eed870d2410ffe8e,9a9852f9d00bbdb692406145a5b83253de034121,1951,1989,C04,"Formal parameter tables, legacy list parsing and lookup.",C04,cc-pp-params-max; cc-pp-param-addr; cc-pp-param-len; cc-pp-param-count; cc-pp-read-params; cc-pp-param?,chapters/04-macro-expansion-and-rescanning.md,drafted,https://github.com/delta9000/seed-forth/blob/bbcc1732152af2d884737272eed870d2410ffe8e/040-cc-prep.fth#L1951-L1989
040-cc-prep.fth,bbcc1732152af2d884737272eed870d2410ffe8e,9a9852f9d00bbdb692406145a5b83253de034121,1990,2041,C05,Location-enabled logical parameter spelling and stricter bounded list grammar.,C05,cc-pp-param-splices; cc-pp-param-blanks; cc-pp-param-ident; cc-pp-read-direct-params,chapters/05-conditionals-and-profile-extensions.md,drafted,https://github.com/delta9000/seed-forth/blob/bbcc1732152af2d884737272eed870d2410ffe8e/040-cc-prep.fth#L1990-L2041
040-cc-prep.fth,bbcc1732152af2d884737272eed870d2410ffe8e,9a9852f9d00bbdb692406145a5b83253de034121,2042,2053,C04,Direct #parameter and ## body marker encoding.,C04,cc-pp-copy-hash,chapters/04-macro-expansion-and-rescanning.md,drafted,https://github.com/delta9000/seed-forth/blob/bbcc1732152af2d884737272eed870d2410ffe8e/040-cc-prep.fth#L2042-L2053
040-cc-prep.fth,bbcc1732152af2d884737272eed870d2410ffe8e,9a9852f9d00bbdb692406145a5b83253de034121,2054,2108,C04,Persistent body encoding and trailing-blank trim.,C04,cc-pp-copy-body; cc-pp-trim,chapters/04-macro-expansion-and-rescanning.md,drafted,https://github.com/delta9000/seed-forth/blob/bbcc1732152af2d884737272eed870d2410ffe8e/040-cc-prep.fth#L2054-L2108
040-cc-prep.fth,bbcc1732152af2d884737272eed870d2410ffe8e,9a9852f9d00bbdb692406145a5b83253de034121,2109,2151,C04,"Definition dispatch, adjacency, record publication, scratch lifetime and undef all matches.",C04; C05 opens stricter parameter branch,cc-prep-handle-define; cc-prep-handle-undef,chapters/04-macro-expansion-and-rescanning.md,drafted,https://github.com/delta9000/seed-forth/blob/bbcc1732152af2d884737272eed870d2410ffe8e/040-cc-prep.fth#L2109-L2151
040-cc-prep.fth,bbcc1732152af2d884737272eed870d2410ffe8e,9a9852f9d00bbdb692406145a5b83253de034121,2152,2205,C03,"Directive strings, always-handled conditionals, active-only handlers, target line-control checks and binding.",C03 interface; C05 completes dispatch,cc-prep-name-include; cc-prep-name-define; cc-prep-name-undef; cc-prep-name-error; cc-prep-name-line; cc-prep-handle-directive,chapters/03-preprocessing-regions-and-includes.md,drafted,https://github.com/delta9000/seed-forth/blob/bbcc1732152af2d884737272eed870d2410ffe8e/040-cc-prep.fth#L2152-L2205
040-cc-prep.fth,bbcc1732152af2d884737272eed870d2410ffe8e,9a9852f9d00bbdb692406145a5b83253de034121,2206,2245,C05,Legacy predefined-name/value storage and eleven object entries.,C05; C04 previews ordinary builtin records,cc-pp-t0; cc-pp-t1; cc-pp-t2; cc-pp-t64; cc-pp-t512; cc-pp-teof; cc-builtin-name-NULL; cc-builtin-name-EOF; cc-builtin-name-EXIT_SUCCESS; cc-builtin-name-EXIT_FAILURE; cc-builtin-name-stdin; cc-builtin-name-stdout; cc-builtin-name-stderr; cc-builtin-name-O_RDONLY; cc-builtin-name-O_WRONLY; cc-builtin-name-O_CREAT; cc-builtin-name-O_TRUNC; cc-prep-builtins,chapters/05-conditionals-and-profile-extensions.md,drafted,https://github.com/delta9000/seed-forth/blob/bbcc1732152af2d884737272eed870d2410ffe8e/040-cc-prep.fth#L2206-L2245
040-cc-prep.fth,bbcc1732152af2d884737272eed870d2410ffe8e,9a9852f9d00bbdb692406145a5b83253de034121,2246,2267,C05,Dynamic location builtin records and target-owned predefine hook.,C05,cc-pp-name-line; cc-pp-name-file; cc-prep-location-builtins; cc-prep-target-default; cc-prep-target-fwd,chapters/05-conditionals-and-profile-extensions.md,drafted,https://github.com/delta9000/seed-forth/blob/bbcc1732152af2d884737272eed870d2410ffe8e/040-cc-prep.fth#L2246-L2267
040-cc-prep.fth,bbcc1732152af2d884737272eed870d2410ffe8e,9a9852f9d00bbdb692406145a5b83253de034121,2268,2300,C03,"Whole-pass initialization, preserved configuration, target hook, walk, final conditional check and lexer rewind.",C03 entry/output; C05 completes reset policy,cc-preprocess,chapters/03-preprocessing-regions-and-includes.md,drafted,https://github.com/delta9000/seed-forth/blob/bbcc1732152af2d884737272eed870d2410ffe8e/040-cc-prep.fth#L2268-L2300
