source_path,source_revision,source_blob_sha,word,start_line,end_line,teaching_unit,manuscript_path,source_url
020-cc-arena.fth,7d7e1996d1753118181d43e1a413960d3a1ec24b,7b4b41d4bc252eb6bbe65b99e8e69c1c39e631d1,cc-err-write,32,32,C02,chapters/02-buffers-arenas-and-failure.md,https://github.com/delta9000/seed-forth/blob/7d7e1996d1753118181d43e1a413960d3a1ec24b/020-cc-arena.fth#L32-L32
020-cc-arena.fth,7d7e1996d1753118181d43e1a413960d3a1ec24b,7b4b41d4bc252eb6bbe65b99e8e69c1c39e631d1,cc-err-dec,37,45,C02,chapters/02-buffers-arenas-and-failure.md,https://github.com/delta9000/seed-forth/blob/7d7e1996d1753118181d43e1a413960d3a1ec24b/020-cc-arena.fth#L37-L45
020-cc-arena.fth,7d7e1996d1753118181d43e1a413960d3a1ec24b,7b4b41d4bc252eb6bbe65b99e8e69c1c39e631d1,cc-die,55,61,C02,chapters/02-buffers-arenas-and-failure.md,https://github.com/delta9000/seed-forth/blob/7d7e1996d1753118181d43e1a413960d3a1ec24b/020-cc-arena.fth#L55-L61
020-cc-arena.fth,7d7e1996d1753118181d43e1a413960d3a1ec24b,7b4b41d4bc252eb6bbe65b99e8e69c1c39e631d1,cc-check-cap,65,67,C02,chapters/02-buffers-arenas-and-failure.md,https://github.com/delta9000/seed-forth/blob/7d7e1996d1753118181d43e1a413960d3a1ec24b/020-cc-arena.fth#L65-L67
020-cc-arena.fth,7d7e1996d1753118181d43e1a413960d3a1ec24b,7b4b41d4bc252eb6bbe65b99e8e69c1c39e631d1,cc-arena-map,84,88,C02,chapters/02-buffers-arenas-and-failure.md,https://github.com/delta9000/seed-forth/blob/7d7e1996d1753118181d43e1a413960d3a1ec24b/020-cc-arena.fth#L84-L88
020-cc-arena.fth,7d7e1996d1753118181d43e1a413960d3a1ec24b,7b4b41d4bc252eb6bbe65b99e8e69c1c39e631d1,cc-alloc,103,107,C02,chapters/02-buffers-arenas-and-failure.md,https://github.com/delta9000/seed-forth/blob/7d7e1996d1753118181d43e1a413960d3a1ec24b/020-cc-arena.fth#L103-L107
030-cc-io.fth,7d7e1996d1753118181d43e1a413960d3a1ec24b,b06d403c546f143a66b25add8ebb9568da3a2e17,cc-in-buf,35,35,C02,chapters/02-buffers-arenas-and-failure.md,https://github.com/delta9000/seed-forth/blob/7d7e1996d1753118181d43e1a413960d3a1ec24b/030-cc-io.fth#L35-L35
030-cc-io.fth,7d7e1996d1753118181d43e1a413960d3a1ec24b,b06d403c546f143a66b25add8ebb9568da3a2e17,cc-in-cap,36,36,C02,chapters/02-buffers-arenas-and-failure.md,https://github.com/delta9000/seed-forth/blob/7d7e1996d1753118181d43e1a413960d3a1ec24b/030-cc-io.fth#L36-L36
030-cc-io.fth,7d7e1996d1753118181d43e1a413960d3a1ec24b,b06d403c546f143a66b25add8ebb9568da3a2e17,cc-src-buf,49,49,C02,chapters/02-buffers-arenas-and-failure.md,https://github.com/delta9000/seed-forth/blob/7d7e1996d1753118181d43e1a413960d3a1ec24b/030-cc-io.fth#L49-L49
030-cc-io.fth,7d7e1996d1753118181d43e1a413960d3a1ec24b,b06d403c546f143a66b25add8ebb9568da3a2e17,cc-src-cap,50,50,C02,chapters/02-buffers-arenas-and-failure.md,https://github.com/delta9000/seed-forth/blob/7d7e1996d1753118181d43e1a413960d3a1ec24b/030-cc-io.fth#L50-L50
030-cc-io.fth,7d7e1996d1753118181d43e1a413960d3a1ec24b,b06d403c546f143a66b25add8ebb9568da3a2e17,cc-src-init,54,57,C02,chapters/02-buffers-arenas-and-failure.md,https://github.com/delta9000/seed-forth/blob/7d7e1996d1753118181d43e1a413960d3a1ec24b/030-cc-io.fth#L54-L57
030-cc-io.fth,7d7e1996d1753118181d43e1a413960d3a1ec24b,b06d403c546f143a66b25add8ebb9568da3a2e17,cc-read-all,68,78,C02,chapters/02-buffers-arenas-and-failure.md,https://github.com/delta9000/seed-forth/blob/7d7e1996d1753118181d43e1a413960d3a1ec24b/030-cc-io.fth#L68-L78
030-cc-io.fth,7d7e1996d1753118181d43e1a413960d3a1ec24b,b06d403c546f143a66b25add8ebb9568da3a2e17,cc-load-stdin,82,84,C02,chapters/02-buffers-arenas-and-failure.md,https://github.com/delta9000/seed-forth/blob/7d7e1996d1753118181d43e1a413960d3a1ec24b/030-cc-io.fth#L82-L84
030-cc-io.fth,7d7e1996d1753118181d43e1a413960d3a1ec24b,b06d403c546f143a66b25add8ebb9568da3a2e17,cc-eof?,87,87,C02,chapters/02-buffers-arenas-and-failure.md,https://github.com/delta9000/seed-forth/blob/7d7e1996d1753118181d43e1a413960d3a1ec24b/030-cc-io.fth#L87-L87
030-cc-io.fth,7d7e1996d1753118181d43e1a413960d3a1ec24b,b06d403c546f143a66b25add8ebb9568da3a2e17,cc-peek-char,91,96,C02,chapters/02-buffers-arenas-and-failure.md,https://github.com/delta9000/seed-forth/blob/7d7e1996d1753118181d43e1a413960d3a1ec24b/030-cc-io.fth#L91-L96
030-cc-io.fth,7d7e1996d1753118181d43e1a413960d3a1ec24b,b06d403c546f143a66b25add8ebb9568da3a2e17,cc-next-char,100,105,C02,chapters/02-buffers-arenas-and-failure.md,https://github.com/delta9000/seed-forth/blob/7d7e1996d1753118181d43e1a413960d3a1ec24b/030-cc-io.fth#L100-L105
030-cc-io.fth,7d7e1996d1753118181d43e1a413960d3a1ec24b,b06d403c546f143a66b25add8ebb9568da3a2e17,cc-out-buf,118,118,C02,chapters/02-buffers-arenas-and-failure.md,https://github.com/delta9000/seed-forth/blob/7d7e1996d1753118181d43e1a413960d3a1ec24b/030-cc-io.fth#L118-L118
030-cc-io.fth,7d7e1996d1753118181d43e1a413960d3a1ec24b,b06d403c546f143a66b25add8ebb9568da3a2e17,cc-out-cap,119,119,C02,chapters/02-buffers-arenas-and-failure.md,https://github.com/delta9000/seed-forth/blob/7d7e1996d1753118181d43e1a413960d3a1ec24b/030-cc-io.fth#L119-L119
030-cc-io.fth,7d7e1996d1753118181d43e1a413960d3a1ec24b,b06d403c546f143a66b25add8ebb9568da3a2e17,cc-out-init,123,123,C02,chapters/02-buffers-arenas-and-failure.md,https://github.com/delta9000/seed-forth/blob/7d7e1996d1753118181d43e1a413960d3a1ec24b/030-cc-io.fth#L123-L123
030-cc-io.fth,7d7e1996d1753118181d43e1a413960d3a1ec24b,b06d403c546f143a66b25add8ebb9568da3a2e17,cc-emit-byte,127,130,C02,chapters/02-buffers-arenas-and-failure.md,https://github.com/delta9000/seed-forth/blob/7d7e1996d1753118181d43e1a413960d3a1ec24b/030-cc-io.fth#L127-L130
030-cc-io.fth,7d7e1996d1753118181d43e1a413960d3a1ec24b,b06d403c546f143a66b25add8ebb9568da3a2e17,cc-emit-4le,133,137,C02,chapters/02-buffers-arenas-and-failure.md,https://github.com/delta9000/seed-forth/blob/7d7e1996d1753118181d43e1a413960d3a1ec24b/030-cc-io.fth#L133-L137
030-cc-io.fth,7d7e1996d1753118181d43e1a413960d3a1ec24b,b06d403c546f143a66b25add8ebb9568da3a2e17,cc-emit-8le,141,144,C02,chapters/02-buffers-arenas-and-failure.md,https://github.com/delta9000/seed-forth/blob/7d7e1996d1753118181d43e1a413960d3a1ec24b/030-cc-io.fth#L141-L144
030-cc-io.fth,7d7e1996d1753118181d43e1a413960d3a1ec24b,b06d403c546f143a66b25add8ebb9568da3a2e17,cc-out-patch-byte,147,147,C02,chapters/02-buffers-arenas-and-failure.md,https://github.com/delta9000/seed-forth/blob/7d7e1996d1753118181d43e1a413960d3a1ec24b/030-cc-io.fth#L147-L147
030-cc-io.fth,7d7e1996d1753118181d43e1a413960d3a1ec24b,b06d403c546f143a66b25add8ebb9568da3a2e17,cc-out-patch-4le,151,156,C02,chapters/02-buffers-arenas-and-failure.md,https://github.com/delta9000/seed-forth/blob/7d7e1996d1753118181d43e1a413960d3a1ec24b/030-cc-io.fth#L151-L156
030-cc-io.fth,7d7e1996d1753118181d43e1a413960d3a1ec24b,b06d403c546f143a66b25add8ebb9568da3a2e17,cc-out-patch-8le,159,168,C02,chapters/02-buffers-arenas-and-failure.md,https://github.com/delta9000/seed-forth/blob/7d7e1996d1753118181d43e1a413960d3a1ec24b/030-cc-io.fth#L159-L168
030-cc-io.fth,7d7e1996d1753118181d43e1a413960d3a1ec24b,b06d403c546f143a66b25add8ebb9568da3a2e17,cc-write-output,184,192,C02,chapters/02-buffers-arenas-and-failure.md,https://github.com/delta9000/seed-forth/blob/7d7e1996d1753118181d43e1a413960d3a1ec24b/030-cc-io.fth#L184-L192
030-cc-io.fth,7d7e1996d1753118181d43e1a413960d3a1ec24b,b06d403c546f143a66b25add8ebb9568da3a2e17,ident-start?,199,200,C02,chapters/02-buffers-arenas-and-failure.md,https://github.com/delta9000/seed-forth/blob/7d7e1996d1753118181d43e1a413960d3a1ec24b/030-cc-io.fth#L199-L200
030-cc-io.fth,7d7e1996d1753118181d43e1a413960d3a1ec24b,b06d403c546f143a66b25add8ebb9568da3a2e17,ident-cont?,203,204,C02,chapters/02-buffers-arenas-and-failure.md,https://github.com/delta9000/seed-forth/blob/7d7e1996d1753118181d43e1a413960d3a1ec24b/030-cc-io.fth#L203-L204
030-cc-io.fth,7d7e1996d1753118181d43e1a413960d3a1ec24b,b06d403c546f143a66b25add8ebb9568da3a2e17,cell[],208,208,C02,chapters/02-buffers-arenas-and-failure.md,https://github.com/delta9000/seed-forth/blob/7d7e1996d1753118181d43e1a413960d3a1ec24b/030-cc-io.fth#L208-L208
030-cc-io.fth,7d7e1996d1753118181d43e1a413960d3a1ec24b,b06d403c546f143a66b25add8ebb9568da3a2e17,cc-name-find,221,232,C02,chapters/02-buffers-arenas-and-failure.md,https://github.com/delta9000/seed-forth/blob/7d7e1996d1753118181d43e1a413960d3a1ec24b/030-cc-io.fth#L221-L232
030-cc-io.fth,7d7e1996d1753118181d43e1a413960d3a1ec24b,b06d403c546f143a66b25add8ebb9568da3a2e17,cc-workspace-round,246,249,C02,chapters/02-buffers-arenas-and-failure.md,https://github.com/delta9000/seed-forth/blob/7d7e1996d1753118181d43e1a413960d3a1ec24b/030-cc-io.fth#L246-L249
030-cc-io.fth,7d7e1996d1753118181d43e1a413960d3a1ec24b,b06d403c546f143a66b25add8ebb9568da3a2e17,cc-workspace-syscall,250,251,C02,chapters/02-buffers-arenas-and-failure.md,https://github.com/delta9000/seed-forth/blob/7d7e1996d1753118181d43e1a413960d3a1ec24b/030-cc-io.fth#L250-L251
030-cc-io.fth,7d7e1996d1753118181d43e1a413960d3a1ec24b,b06d403c546f143a66b25add8ebb9568da3a2e17,cc-workspace-map,254,256,C02,chapters/02-buffers-arenas-and-failure.md,https://github.com/delta9000/seed-forth/blob/7d7e1996d1753118181d43e1a413960d3a1ec24b/030-cc-io.fth#L254-L256
030-cc-io.fth,7d7e1996d1753118181d43e1a413960d3a1ec24b,b06d403c546f143a66b25add8ebb9568da3a2e17,cc-io-default-workspace,257,260,C02,chapters/02-buffers-arenas-and-failure.md,https://github.com/delta9000/seed-forth/blob/7d7e1996d1753118181d43e1a413960d3a1ec24b/030-cc-io.fth#L257-L260
030-cc-io.fth,7d7e1996d1753118181d43e1a413960d3a1ec24b,b06d403c546f143a66b25add8ebb9568da3a2e17,cc-io-direct-workspace,261,269,C02,chapters/02-buffers-arenas-and-failure.md,https://github.com/delta9000/seed-forth/blob/7d7e1996d1753118181d43e1a413960d3a1ec24b/030-cc-io.fth#L261-L269
050-cc-lex.fth,7d7e1996d1753118181d43e1a413960d3a1ec24b,72e785b9c996da9ebaf7db93b3ff360692bf40e3,"kw,",58,58,C06,chapters/06-tokens-and-lookahead.md,https://github.com/delta9000/seed-forth/blob/7d7e1996d1753118181d43e1a413960d3a1ec24b/050-cc-lex.fth#L58-L58
050-cc-lex.fth,7d7e1996d1753118181d43e1a413960d3a1ec24b,72e785b9c996da9ebaf7db93b3ff360692bf40e3,cc-peek-char-2,139,146,C06,chapters/06-tokens-and-lookahead.md,https://github.com/delta9000/seed-forth/blob/7d7e1996d1753118181d43e1a413960d3a1ec24b/050-cc-lex.fth#L139-L146
050-cc-lex.fth,7d7e1996d1753118181d43e1a413960d3a1ec24b,72e785b9c996da9ebaf7db93b3ff360692bf40e3,cc-check-keyword,156,174,C06,chapters/06-tokens-and-lookahead.md,https://github.com/delta9000/seed-forth/blob/7d7e1996d1753118181d43e1a413960d3a1ec24b/050-cc-lex.fth#L156-L174
050-cc-lex.fth,7d7e1996d1753118181d43e1a413960d3a1ec24b,72e785b9c996da9ebaf7db93b3ff360692bf40e3,cc-skip-line-comment,182,188,C06,chapters/06-tokens-and-lookahead.md,https://github.com/delta9000/seed-forth/blob/7d7e1996d1753118181d43e1a413960d3a1ec24b/050-cc-lex.fth#L182-L188
050-cc-lex.fth,7d7e1996d1753118181d43e1a413960d3a1ec24b,72e785b9c996da9ebaf7db93b3ff360692bf40e3,cc-skip-block-comment,192,201,C06,chapters/06-tokens-and-lookahead.md,https://github.com/delta9000/seed-forth/blob/7d7e1996d1753118181d43e1a413960d3a1ec24b/050-cc-lex.fth#L192-L201
050-cc-lex.fth,7d7e1996d1753118181d43e1a413960d3a1ec24b,72e785b9c996da9ebaf7db93b3ff360692bf40e3,cc-cspace?,205,205,C06,chapters/06-tokens-and-lookahead.md,https://github.com/delta9000/seed-forth/blob/7d7e1996d1753118181d43e1a413960d3a1ec24b/050-cc-lex.fth#L205-L205
050-cc-lex.fth,7d7e1996d1753118181d43e1a413960d3a1ec24b,72e785b9c996da9ebaf7db93b3ff360692bf40e3,cc-skip-ws-and-comments,207,227,C06,chapters/06-tokens-and-lookahead.md,https://github.com/delta9000/seed-forth/blob/7d7e1996d1753118181d43e1a413960d3a1ec24b/050-cc-lex.fth#L207-L227
050-cc-lex.fth,7d7e1996d1753118181d43e1a413960d3a1ec24b,72e785b9c996da9ebaf7db93b3ff360692bf40e3,cc-hex-digit?,235,248,C06,chapters/06-tokens-and-lookahead.md,https://github.com/delta9000/seed-forth/blob/7d7e1996d1753118181d43e1a413960d3a1ec24b/050-cc-lex.fth#L235-L248
050-cc-lex.fth,7d7e1996d1753118181d43e1a413960d3a1ec24b,72e785b9c996da9ebaf7db93b3ff360692bf40e3,cc-octal-digit?,251,251,C06,chapters/06-tokens-and-lookahead.md,https://github.com/delta9000/seed-forth/blob/7d7e1996d1753118181d43e1a413960d3a1ec24b/050-cc-lex.fth#L251-L251
050-cc-lex.fth,7d7e1996d1753118181d43e1a413960d3a1ec24b,72e785b9c996da9ebaf7db93b3ff360692bf40e3,cc-hex-digit-val,254,263,C06,chapters/06-tokens-and-lookahead.md,https://github.com/delta9000/seed-forth/blob/7d7e1996d1753118181d43e1a413960d3a1ec24b/050-cc-lex.fth#L254-L263
050-cc-lex.fth,7d7e1996d1753118181d43e1a413960d3a1ec24b,72e785b9c996da9ebaf7db93b3ff360692bf40e3,cc-lex-number-dec,266,277,C06,chapters/06-tokens-and-lookahead.md,https://github.com/delta9000/seed-forth/blob/7d7e1996d1753118181d43e1a413960d3a1ec24b/050-cc-lex.fth#L266-L277
050-cc-lex.fth,7d7e1996d1753118181d43e1a413960d3a1ec24b,72e785b9c996da9ebaf7db93b3ff360692bf40e3,cc-lex-number-hex,280,291,C06,chapters/06-tokens-and-lookahead.md,https://github.com/delta9000/seed-forth/blob/7d7e1996d1753118181d43e1a413960d3a1ec24b/050-cc-lex.fth#L280-L291
050-cc-lex.fth,7d7e1996d1753118181d43e1a413960d3a1ec24b,72e785b9c996da9ebaf7db93b3ff360692bf40e3,cc-lex-number-oct,295,306,C06,chapters/06-tokens-and-lookahead.md,https://github.com/delta9000/seed-forth/blob/7d7e1996d1753118181d43e1a413960d3a1ec24b/050-cc-lex.fth#L295-L306
050-cc-lex.fth,7d7e1996d1753118181d43e1a413960d3a1ec24b,72e785b9c996da9ebaf7db93b3ff360692bf40e3,cc-lex-number,312,341,C06,chapters/06-tokens-and-lookahead.md,https://github.com/delta9000/seed-forth/blob/7d7e1996d1753118181d43e1a413960d3a1ec24b/050-cc-lex.fth#L312-L341
050-cc-lex.fth,7d7e1996d1753118181d43e1a413960d3a1ec24b,72e785b9c996da9ebaf7db93b3ff360692bf40e3,cc-lex-ident-or-kw,346,357,C06,chapters/06-tokens-and-lookahead.md,https://github.com/delta9000/seed-forth/blob/7d7e1996d1753118181d43e1a413960d3a1ec24b/050-cc-lex.fth#L346-L357
050-cc-lex.fth,7d7e1996d1753118181d43e1a413960d3a1ec24b,72e785b9c996da9ebaf7db93b3ff360692bf40e3,cc-lex-string,363,385,C06,chapters/06-tokens-and-lookahead.md,https://github.com/delta9000/seed-forth/blob/7d7e1996d1753118181d43e1a413960d3a1ec24b/050-cc-lex.fth#L363-L385
050-cc-lex.fth,7d7e1996d1753118181d43e1a413960d3a1ec24b,72e785b9c996da9ebaf7db93b3ff360692bf40e3,cc-decode-escape,397,427,C06,chapters/06-tokens-and-lookahead.md,https://github.com/delta9000/seed-forth/blob/7d7e1996d1753118181d43e1a413960d3a1ec24b/050-cc-lex.fth#L397-L427
050-cc-lex.fth,7d7e1996d1753118181d43e1a413960d3a1ec24b,72e785b9c996da9ebaf7db93b3ff360692bf40e3,cc-lex-char,430,442,C06,chapters/06-tokens-and-lookahead.md,https://github.com/delta9000/seed-forth/blob/7d7e1996d1753118181d43e1a413960d3a1ec24b/050-cc-lex.fth#L430-L442
050-cc-lex.fth,7d7e1996d1753118181d43e1a413960d3a1ec24b,72e785b9c996da9ebaf7db93b3ff360692bf40e3,cc-punct-eq,451,457,C06,chapters/06-tokens-and-lookahead.md,https://github.com/delta9000/seed-forth/blob/7d7e1996d1753118181d43e1a413960d3a1ec24b/050-cc-lex.fth#L451-L457
050-cc-lex.fth,7d7e1996d1753118181d43e1a413960d3a1ec24b,72e785b9c996da9ebaf7db93b3ff360692bf40e3,cc-punct-bang,459,465,C06,chapters/06-tokens-and-lookahead.md,https://github.com/delta9000/seed-forth/blob/7d7e1996d1753118181d43e1a413960d3a1ec24b/050-cc-lex.fth#L459-L465
050-cc-lex.fth,7d7e1996d1753118181d43e1a413960d3a1ec24b,72e785b9c996da9ebaf7db93b3ff360692bf40e3,cc-punct-lt,467,482,C06,chapters/06-tokens-and-lookahead.md,https://github.com/delta9000/seed-forth/blob/7d7e1996d1753118181d43e1a413960d3a1ec24b/050-cc-lex.fth#L467-L482
050-cc-lex.fth,7d7e1996d1753118181d43e1a413960d3a1ec24b,72e785b9c996da9ebaf7db93b3ff360692bf40e3,cc-punct-gt,484,499,C06,chapters/06-tokens-and-lookahead.md,https://github.com/delta9000/seed-forth/blob/7d7e1996d1753118181d43e1a413960d3a1ec24b/050-cc-lex.fth#L484-L499
050-cc-lex.fth,7d7e1996d1753118181d43e1a413960d3a1ec24b,72e785b9c996da9ebaf7db93b3ff360692bf40e3,cc-punct-amp,501,511,C06,chapters/06-tokens-and-lookahead.md,https://github.com/delta9000/seed-forth/blob/7d7e1996d1753118181d43e1a413960d3a1ec24b/050-cc-lex.fth#L501-L511
050-cc-lex.fth,7d7e1996d1753118181d43e1a413960d3a1ec24b,72e785b9c996da9ebaf7db93b3ff360692bf40e3,cc-punct-pipe,513,523,C06,chapters/06-tokens-and-lookahead.md,https://github.com/delta9000/seed-forth/blob/7d7e1996d1753118181d43e1a413960d3a1ec24b/050-cc-lex.fth#L513-L523
050-cc-lex.fth,7d7e1996d1753118181d43e1a413960d3a1ec24b,72e785b9c996da9ebaf7db93b3ff360692bf40e3,cc-punct-plus,525,535,C06,chapters/06-tokens-and-lookahead.md,https://github.com/delta9000/seed-forth/blob/7d7e1996d1753118181d43e1a413960d3a1ec24b/050-cc-lex.fth#L525-L535
050-cc-lex.fth,7d7e1996d1753118181d43e1a413960d3a1ec24b,72e785b9c996da9ebaf7db93b3ff360692bf40e3,cc-punct-minus,537,551,C06,chapters/06-tokens-and-lookahead.md,https://github.com/delta9000/seed-forth/blob/7d7e1996d1753118181d43e1a413960d3a1ec24b/050-cc-lex.fth#L537-L551
050-cc-lex.fth,7d7e1996d1753118181d43e1a413960d3a1ec24b,72e785b9c996da9ebaf7db93b3ff360692bf40e3,cc-punct-star,553,559,C06,chapters/06-tokens-and-lookahead.md,https://github.com/delta9000/seed-forth/blob/7d7e1996d1753118181d43e1a413960d3a1ec24b/050-cc-lex.fth#L553-L559
050-cc-lex.fth,7d7e1996d1753118181d43e1a413960d3a1ec24b,72e785b9c996da9ebaf7db93b3ff360692bf40e3,cc-punct-slash,561,567,C06,chapters/06-tokens-and-lookahead.md,https://github.com/delta9000/seed-forth/blob/7d7e1996d1753118181d43e1a413960d3a1ec24b/050-cc-lex.fth#L561-L567
050-cc-lex.fth,7d7e1996d1753118181d43e1a413960d3a1ec24b,72e785b9c996da9ebaf7db93b3ff360692bf40e3,cc-punct-percent,569,575,C06,chapters/06-tokens-and-lookahead.md,https://github.com/delta9000/seed-forth/blob/7d7e1996d1753118181d43e1a413960d3a1ec24b/050-cc-lex.fth#L569-L575
050-cc-lex.fth,7d7e1996d1753118181d43e1a413960d3a1ec24b,72e785b9c996da9ebaf7db93b3ff360692bf40e3,cc-punct-caret,577,583,C06,chapters/06-tokens-and-lookahead.md,https://github.com/delta9000/seed-forth/blob/7d7e1996d1753118181d43e1a413960d3a1ec24b/050-cc-lex.fth#L577-L583
050-cc-lex.fth,7d7e1996d1753118181d43e1a413960d3a1ec24b,72e785b9c996da9ebaf7db93b3ff360692bf40e3,cc-punct-dot,585,596,C06,chapters/06-tokens-and-lookahead.md,https://github.com/delta9000/seed-forth/blob/7d7e1996d1753118181d43e1a413960d3a1ec24b/050-cc-lex.fth#L585-L596
050-cc-lex.fth,7d7e1996d1753118181d43e1a413960d3a1ec24b,72e785b9c996da9ebaf7db93b3ff360692bf40e3,cc-lex-punct,601,619,C06,chapters/06-tokens-and-lookahead.md,https://github.com/delta9000/seed-forth/blob/7d7e1996d1753118181d43e1a413960d3a1ec24b/050-cc-lex.fth#L601-L619
050-cc-lex.fth,7d7e1996d1753118181d43e1a413960d3a1ec24b,72e785b9c996da9ebaf7db93b3ff360692bf40e3,cc-lex-extra-default,626,626,C06,chapters/06-tokens-and-lookahead.md,https://github.com/delta9000/seed-forth/blob/7d7e1996d1753118181d43e1a413960d3a1ec24b/050-cc-lex.fth#L626-L626
050-cc-lex.fth,7d7e1996d1753118181d43e1a413960d3a1ec24b,72e785b9c996da9ebaf7db93b3ff360692bf40e3,cc-next-token,630,643,C06,chapters/06-tokens-and-lookahead.md,https://github.com/delta9000/seed-forth/blob/7d7e1996d1753118181d43e1a413960d3a1ec24b/050-cc-lex.fth#L630-L643
050-cc-lex.fth,7d7e1996d1753118181d43e1a413960d3a1ec24b,72e785b9c996da9ebaf7db93b3ff360692bf40e3,cc-next-token-keep,654,659,C06,chapters/06-tokens-and-lookahead.md,https://github.com/delta9000/seed-forth/blob/7d7e1996d1753118181d43e1a413960d3a1ec24b/050-cc-lex.fth#L654-L659
050-cc-lex.fth,7d7e1996d1753118181d43e1a413960d3a1ec24b,72e785b9c996da9ebaf7db93b3ff360692bf40e3,cc-putback-token,663,664,C06,chapters/06-tokens-and-lookahead.md,https://github.com/delta9000/seed-forth/blob/7d7e1996d1753118181d43e1a413960d3a1ec24b/050-cc-lex.fth#L663-L664
050-cc-lex.fth,7d7e1996d1753118181d43e1a413960d3a1ec24b,72e785b9c996da9ebaf7db93b3ff360692bf40e3,cc-lex-copy,672,678,C06,chapters/06-tokens-and-lookahead.md,https://github.com/delta9000/seed-forth/blob/7d7e1996d1753118181d43e1a413960d3a1ec24b/050-cc-lex.fth#L672-L678
050-cc-lex.fth,7d7e1996d1753118181d43e1a413960d3a1ec24b,72e785b9c996da9ebaf7db93b3ff360692bf40e3,cc-lex-mark,681,681,C06,chapters/06-tokens-and-lookahead.md,https://github.com/delta9000/seed-forth/blob/7d7e1996d1753118181d43e1a413960d3a1ec24b/050-cc-lex.fth#L681-L681
050-cc-lex.fth,7d7e1996d1753118181d43e1a413960d3a1ec24b,72e785b9c996da9ebaf7db93b3ff360692bf40e3,cc-lex-reset,684,684,C06,chapters/06-tokens-and-lookahead.md,https://github.com/delta9000/seed-forth/blob/7d7e1996d1753118181d43e1a413960d3a1ec24b/050-cc-lex.fth#L684-L684
060-cc-types.fth,7d7e1996d1753118181d43e1a413960d3a1ec24b,b71cfd5e88ee99a94f8ebc0ac5b5e2dffb5d5c0d,cc-ad-type,43,43,C07,chapters/07-types-and-stable-descriptors.md,https://github.com/delta9000/seed-forth/blob/7d7e1996d1753118181d43e1a413960d3a1ec24b/060-cc-types.fth#L43-L43
060-cc-types.fth,7d7e1996d1753118181d43e1a413960d3a1ec24b,b71cfd5e88ee99a94f8ebc0ac5b5e2dffb5d5c0d,cc-ad-desc,44,44,C07,chapters/07-types-and-stable-descriptors.md,https://github.com/delta9000/seed-forth/blob/7d7e1996d1753118181d43e1a413960d3a1ec24b/060-cc-types.fth#L44-L44
060-cc-types.fth,7d7e1996d1753118181d43e1a413960d3a1ec24b,b71cfd5e88ee99a94f8ebc0ac5b5e2dffb5d5c0d,cc-ad-count,45,45,C07,chapters/07-types-and-stable-descriptors.md,https://github.com/delta9000/seed-forth/blob/7d7e1996d1753118181d43e1a413960d3a1ec24b/060-cc-types.fth#L45-L45
060-cc-types.fth,7d7e1996d1753118181d43e1a413960d3a1ec24b,b71cfd5e88ee99a94f8ebc0ac5b5e2dffb5d5c0d,cc-ad-inner,46,46,C07,chapters/07-types-and-stable-descriptors.md,https://github.com/delta9000/seed-forth/blob/7d7e1996d1753118181d43e1a413960d3a1ec24b/060-cc-types.fth#L46-L46
060-cc-types.fth,7d7e1996d1753118181d43e1a413960d3a1ec24b,b71cfd5e88ee99a94f8ebc0ac5b5e2dffb5d5c0d,cc-ad-size,47,47,C07,chapters/07-types-and-stable-descriptors.md,https://github.com/delta9000/seed-forth/blob/7d7e1996d1753118181d43e1a413960d3a1ec24b/060-cc-types.fth#L47-L47
060-cc-types.fth,7d7e1996d1753118181d43e1a413960d3a1ec24b,b71cfd5e88ee99a94f8ebc0ac5b5e2dffb5d5c0d,cc-ad-align,48,48,C07,chapters/07-types-and-stable-descriptors.md,https://github.com/delta9000/seed-forth/blob/7d7e1996d1753118181d43e1a413960d3a1ec24b/060-cc-types.fth#L48-L48
060-cc-types.fth,7d7e1996d1753118181d43e1a413960d3a1ec24b,b71cfd5e88ee99a94f8ebc0ac5b5e2dffb5d5c0d,cc-ad-qualified,49,49,C07,chapters/07-types-and-stable-descriptors.md,https://github.com/delta9000/seed-forth/blob/7d7e1996d1753118181d43e1a413960d3a1ec24b/060-cc-types.fth#L49-L49
060-cc-types.fth,7d7e1996d1753118181d43e1a413960d3a1ec24b,b71cfd5e88ee99a94f8ebc0ac5b5e2dffb5d5c0d,ty-make,62,63,C07,chapters/07-types-and-stable-descriptors.md,https://github.com/delta9000/seed-forth/blob/7d7e1996d1753118181d43e1a413960d3a1ec24b/060-cc-types.fth#L62-L63
060-cc-types.fth,7d7e1996d1753118181d43e1a413960d3a1ec24b,b71cfd5e88ee99a94f8ebc0ac5b5e2dffb5d5c0d,ty-base,66,67,C07,chapters/07-types-and-stable-descriptors.md,https://github.com/delta9000/seed-forth/blob/7d7e1996d1753118181d43e1a413960d3a1ec24b/060-cc-types.fth#L66-L67
060-cc-types.fth,7d7e1996d1753118181d43e1a413960d3a1ec24b,b71cfd5e88ee99a94f8ebc0ac5b5e2dffb5d5c0d,ty-ptr,70,71,C07,chapters/07-types-and-stable-descriptors.md,https://github.com/delta9000/seed-forth/blob/7d7e1996d1753118181d43e1a413960d3a1ec24b/060-cc-types.fth#L70-L71
060-cc-types.fth,7d7e1996d1753118181d43e1a413960d3a1ec24b,b71cfd5e88ee99a94f8ebc0ac5b5e2dffb5d5c0d,ty-size,78,96,C07,chapters/07-types-and-stable-descriptors.md,https://github.com/delta9000/seed-forth/blob/7d7e1996d1753118181d43e1a413960d3a1ec24b/060-cc-types.fth#L78-L96
060-cc-types.fth,7d7e1996d1753118181d43e1a413960d3a1ec24b,b71cfd5e88ee99a94f8ebc0ac5b5e2dffb5d5c0d,ty-unsigned?,100,105,C07,chapters/07-types-and-stable-descriptors.md,https://github.com/delta9000/seed-forth/blob/7d7e1996d1753118181d43e1a413960d3a1ec24b/060-cc-types.fth#L100-L105
060-cc-types.fth,7d7e1996d1753118181d43e1a413960d3a1ec24b,b71cfd5e88ee99a94f8ebc0ac5b5e2dffb5d5c0d,ty-long-long?,108,110,C07,chapters/07-types-and-stable-descriptors.md,https://github.com/delta9000/seed-forth/blob/7d7e1996d1753118181d43e1a413960d3a1ec24b/060-cc-types.fth#L108-L110
060-cc-types.fth,7d7e1996d1753118181d43e1a413960d3a1ec24b,b71cfd5e88ee99a94f8ebc0ac5b5e2dffb5d5c0d,ty-align,114,114,C07,chapters/07-types-and-stable-descriptors.md,https://github.com/delta9000/seed-forth/blob/7d7e1996d1753118181d43e1a413960d3a1ec24b/060-cc-types.fth#L114-L114
060-cc-types.fth,7d7e1996d1753118181d43e1a413960d3a1ec24b,b71cfd5e88ee99a94f8ebc0ac5b5e2dffb5d5c0d,cc-integer-suffix-u,125,130,C07,chapters/07-types-and-stable-descriptors.md,https://github.com/delta9000/seed-forth/blob/7d7e1996d1753118181d43e1a413960d3a1ec24b/060-cc-types.fth#L125-L130
060-cc-types.fth,7d7e1996d1753118181d43e1a413960d3a1ec24b,b71cfd5e88ee99a94f8ebc0ac5b5e2dffb5d5c0d,cc-integer-suffix-l,131,139,C07,chapters/07-types-and-stable-descriptors.md,https://github.com/delta9000/seed-forth/blob/7d7e1996d1753118181d43e1a413960d3a1ec24b/060-cc-types.fth#L131-L139
060-cc-types.fth,7d7e1996d1753118181d43e1a413960d3a1ec24b,b71cfd5e88ee99a94f8ebc0ac5b5e2dffb5d5c0d,cc-integer-suffix,140,143,C07,chapters/07-types-and-stable-descriptors.md,https://github.com/delta9000/seed-forth/blob/7d7e1996d1753118181d43e1a413960d3a1ec24b/060-cc-types.fth#L140-L143
060-cc-types.fth,7d7e1996d1753118181d43e1a413960d3a1ec24b,b71cfd5e88ee99a94f8ebc0ac5b5e2dffb5d5c0d,cc-integer-suffix-letter?,146,148,C07,chapters/07-types-and-stable-descriptors.md,https://github.com/delta9000/seed-forth/blob/7d7e1996d1753118181d43e1a413960d3a1ec24b/060-cc-types.fth#L146-L148
060-cc-types.fth,7d7e1996d1753118181d43e1a413960d3a1ec24b,b71cfd5e88ee99a94f8ebc0ac5b5e2dffb5d5c0d,cc-integer-suffix-start,152,156,C07,chapters/07-types-and-stable-descriptors.md,https://github.com/delta9000/seed-forth/blob/7d7e1996d1753118181d43e1a413960d3a1ec24b/060-cc-types.fth#L152-L156
060-cc-types.fth,7d7e1996d1753118181d43e1a413960d3a1ec24b,b71cfd5e88ee99a94f8ebc0ac5b5e2dffb5d5c0d,cc-integer-literal-check,162,164,C07,chapters/07-types-and-stable-descriptors.md,https://github.com/delta9000/seed-forth/blob/7d7e1996d1753118181d43e1a413960d3a1ec24b/060-cc-types.fth#L162-L164
060-cc-types.fth,7d7e1996d1753118181d43e1a413960d3a1ec24b,b71cfd5e88ee99a94f8ebc0ac5b5e2dffb5d5c0d,cc-integer-literal-type,173,202,C07,chapters/07-types-and-stable-descriptors.md,https://github.com/delta9000/seed-forth/blob/7d7e1996d1753118181d43e1a413960d3a1ec24b/060-cc-types.fth#L173-L202
060-cc-types.fth,7d7e1996d1753118181d43e1a413960d3a1ec24b,b71cfd5e88ee99a94f8ebc0ac5b5e2dffb5d5c0d,cc-sd-field-cap,245,246,C07,chapters/07-types-and-stable-descriptors.md,https://github.com/delta9000/seed-forth/blob/7d7e1996d1753118181d43e1a413960d3a1ec24b/060-cc-types.fth#L245-L246
060-cc-types.fth,7d7e1996d1753118181d43e1a413960d3a1ec24b,b71cfd5e88ee99a94f8ebc0ac5b5e2dffb5d5c0d,cc-sd-record-bytes-default,248,249,C07,chapters/07-types-and-stable-descriptors.md,https://github.com/delta9000/seed-forth/blob/7d7e1996d1753118181d43e1a413960d3a1ec24b/060-cc-types.fth#L248-L249
060-cc-types.fth,7d7e1996d1753118181d43e1a413960d3a1ec24b,b71cfd5e88ee99a94f8ebc0ac5b5e2dffb5d5c0d,cc-zalloc,255,261,C07,chapters/07-types-and-stable-descriptors.md,https://github.com/delta9000/seed-forth/blob/7d7e1996d1753118181d43e1a413960d3a1ec24b/060-cc-types.fth#L255-L261
060-cc-types.fth,7d7e1996d1753118181d43e1a413960d3a1ec24b,b71cfd5e88ee99a94f8ebc0ac5b5e2dffb5d5c0d,cc-sd-alloc,264,264,C07,chapters/07-types-and-stable-descriptors.md,https://github.com/delta9000/seed-forth/blob/7d7e1996d1753118181d43e1a413960d3a1ec24b/060-cc-types.fth#L264-L264
060-cc-types.fth,7d7e1996d1753118181d43e1a413960d3a1ec24b,b71cfd5e88ee99a94f8ebc0ac5b5e2dffb5d5c0d,cc-sd-total-size,266,266,C07,chapters/07-types-and-stable-descriptors.md,https://github.com/delta9000/seed-forth/blob/7d7e1996d1753118181d43e1a413960d3a1ec24b/060-cc-types.fth#L266-L266
060-cc-types.fth,7d7e1996d1753118181d43e1a413960d3a1ec24b,b71cfd5e88ee99a94f8ebc0ac5b5e2dffb5d5c0d,cc-sd-field-count,267,267,C07,chapters/07-types-and-stable-descriptors.md,https://github.com/delta9000/seed-forth/blob/7d7e1996d1753118181d43e1a413960d3a1ec24b/060-cc-types.fth#L267-L267
060-cc-types.fth,7d7e1996d1753118181d43e1a413960d3a1ec24b,b71cfd5e88ee99a94f8ebc0ac5b5e2dffb5d5c0d,cc-sd-align,268,268,C07,chapters/07-types-and-stable-descriptors.md,https://github.com/delta9000/seed-forth/blob/7d7e1996d1753118181d43e1a413960d3a1ec24b/060-cc-types.fth#L268-L268
060-cc-types.fth,7d7e1996d1753118181d43e1a413960d3a1ec24b,b71cfd5e88ee99a94f8ebc0ac5b5e2dffb5d5c0d,cc-sd-union?,269,269,C07,chapters/07-types-and-stable-descriptors.md,https://github.com/delta9000/seed-forth/blob/7d7e1996d1753118181d43e1a413960d3a1ec24b/060-cc-types.fth#L269-L269
060-cc-types.fth,7d7e1996d1753118181d43e1a413960d3a1ec24b,b71cfd5e88ee99a94f8ebc0ac5b5e2dffb5d5c0d,cc-sd-set-total-size,270,270,C07,chapters/07-types-and-stable-descriptors.md,https://github.com/delta9000/seed-forth/blob/7d7e1996d1753118181d43e1a413960d3a1ec24b/060-cc-types.fth#L270-L270
060-cc-types.fth,7d7e1996d1753118181d43e1a413960d3a1ec24b,b71cfd5e88ee99a94f8ebc0ac5b5e2dffb5d5c0d,cc-sd-set-field-count,271,271,C07,chapters/07-types-and-stable-descriptors.md,https://github.com/delta9000/seed-forth/blob/7d7e1996d1753118181d43e1a413960d3a1ec24b/060-cc-types.fth#L271-L271
060-cc-types.fth,7d7e1996d1753118181d43e1a413960d3a1ec24b,b71cfd5e88ee99a94f8ebc0ac5b5e2dffb5d5c0d,cc-sd-set-align,272,272,C07,chapters/07-types-and-stable-descriptors.md,https://github.com/delta9000/seed-forth/blob/7d7e1996d1753118181d43e1a413960d3a1ec24b/060-cc-types.fth#L272-L272
060-cc-types.fth,7d7e1996d1753118181d43e1a413960d3a1ec24b,b71cfd5e88ee99a94f8ebc0ac5b5e2dffb5d5c0d,cc-sd-set-union,273,273,C07,chapters/07-types-and-stable-descriptors.md,https://github.com/delta9000/seed-forth/blob/7d7e1996d1753118181d43e1a413960d3a1ec24b/060-cc-types.fth#L273-L273
060-cc-types.fth,7d7e1996d1753118181d43e1a413960d3a1ec24b,b71cfd5e88ee99a94f8ebc0ac5b5e2dffb5d5c0d,cc-sd-table,274,274,C07,chapters/07-types-and-stable-descriptors.md,https://github.com/delta9000/seed-forth/blob/7d7e1996d1753118181d43e1a413960d3a1ec24b/060-cc-types.fth#L274-L274
060-cc-types.fth,7d7e1996d1753118181d43e1a413960d3a1ec24b,b71cfd5e88ee99a94f8ebc0ac5b5e2dffb5d5c0d,cc-sd-table-cap,275,275,C07,chapters/07-types-and-stable-descriptors.md,https://github.com/delta9000/seed-forth/blob/7d7e1996d1753118181d43e1a413960d3a1ec24b/060-cc-types.fth#L275-L275
060-cc-types.fth,7d7e1996d1753118181d43e1a413960d3a1ec24b,b71cfd5e88ee99a94f8ebc0ac5b5e2dffb5d5c0d,cc-sd-table-moved-default,284,284,C07,chapters/07-types-and-stable-descriptors.md,https://github.com/delta9000/seed-forth/blob/7d7e1996d1753118181d43e1a413960d3a1ec24b/060-cc-types.fth#L284-L284
060-cc-types.fth,7d7e1996d1753118181d43e1a413960d3a1ec24b,b71cfd5e88ee99a94f8ebc0ac5b5e2dffb5d5c0d,cc-sd-grow,288,303,C07,chapters/07-types-and-stable-descriptors.md,https://github.com/delta9000/seed-forth/blob/7d7e1996d1753118181d43e1a413960d3a1ec24b/060-cc-types.fth#L288-L303
060-cc-types.fth,7d7e1996d1753118181d43e1a413960d3a1ec24b,b71cfd5e88ee99a94f8ebc0ac5b5e2dffb5d5c0d,cc-sd-field-rec,307,310,C07,chapters/07-types-and-stable-descriptors.md,https://github.com/delta9000/seed-forth/blob/7d7e1996d1753118181d43e1a413960d3a1ec24b/060-cc-types.fth#L307-L310
060-cc-types.fth,7d7e1996d1753118181d43e1a413960d3a1ec24b,b71cfd5e88ee99a94f8ebc0ac5b5e2dffb5d5c0d,cc-sf-name-addr,314,314,C07,chapters/07-types-and-stable-descriptors.md,https://github.com/delta9000/seed-forth/blob/7d7e1996d1753118181d43e1a413960d3a1ec24b/060-cc-types.fth#L314-L314
060-cc-types.fth,7d7e1996d1753118181d43e1a413960d3a1ec24b,b71cfd5e88ee99a94f8ebc0ac5b5e2dffb5d5c0d,cc-sf-name-len,315,315,C07,chapters/07-types-and-stable-descriptors.md,https://github.com/delta9000/seed-forth/blob/7d7e1996d1753118181d43e1a413960d3a1ec24b/060-cc-types.fth#L315-L315
060-cc-types.fth,7d7e1996d1753118181d43e1a413960d3a1ec24b,b71cfd5e88ee99a94f8ebc0ac5b5e2dffb5d5c0d,cc-sf-type,316,316,C07,chapters/07-types-and-stable-descriptors.md,https://github.com/delta9000/seed-forth/blob/7d7e1996d1753118181d43e1a413960d3a1ec24b/060-cc-types.fth#L316-L316
060-cc-types.fth,7d7e1996d1753118181d43e1a413960d3a1ec24b,b71cfd5e88ee99a94f8ebc0ac5b5e2dffb5d5c0d,cc-sf-offset,317,317,C07,chapters/07-types-and-stable-descriptors.md,https://github.com/delta9000/seed-forth/blob/7d7e1996d1753118181d43e1a413960d3a1ec24b/060-cc-types.fth#L317-L317
060-cc-types.fth,7d7e1996d1753118181d43e1a413960d3a1ec24b,b71cfd5e88ee99a94f8ebc0ac5b5e2dffb5d5c0d,cc-sf-desc,318,318,C07,chapters/07-types-and-stable-descriptors.md,https://github.com/delta9000/seed-forth/blob/7d7e1996d1753118181d43e1a413960d3a1ec24b/060-cc-types.fth#L318-L318
060-cc-types.fth,7d7e1996d1753118181d43e1a413960d3a1ec24b,b71cfd5e88ee99a94f8ebc0ac5b5e2dffb5d5c0d,cc-sf-array-len,319,319,C07,chapters/07-types-and-stable-descriptors.md,https://github.com/delta9000/seed-forth/blob/7d7e1996d1753118181d43e1a413960d3a1ec24b/060-cc-types.fth#L319-L319
060-cc-types.fth,7d7e1996d1753118181d43e1a413960d3a1ec24b,b71cfd5e88ee99a94f8ebc0ac5b5e2dffb5d5c0d,cc-sf-set-name-addr,321,321,C07,chapters/07-types-and-stable-descriptors.md,https://github.com/delta9000/seed-forth/blob/7d7e1996d1753118181d43e1a413960d3a1ec24b/060-cc-types.fth#L321-L321
060-cc-types.fth,7d7e1996d1753118181d43e1a413960d3a1ec24b,b71cfd5e88ee99a94f8ebc0ac5b5e2dffb5d5c0d,cc-sf-set-name-len,322,322,C07,chapters/07-types-and-stable-descriptors.md,https://github.com/delta9000/seed-forth/blob/7d7e1996d1753118181d43e1a413960d3a1ec24b/060-cc-types.fth#L322-L322
060-cc-types.fth,7d7e1996d1753118181d43e1a413960d3a1ec24b,b71cfd5e88ee99a94f8ebc0ac5b5e2dffb5d5c0d,cc-sf-set-type,323,323,C07,chapters/07-types-and-stable-descriptors.md,https://github.com/delta9000/seed-forth/blob/7d7e1996d1753118181d43e1a413960d3a1ec24b/060-cc-types.fth#L323-L323
060-cc-types.fth,7d7e1996d1753118181d43e1a413960d3a1ec24b,b71cfd5e88ee99a94f8ebc0ac5b5e2dffb5d5c0d,cc-sf-set-offset,324,324,C07,chapters/07-types-and-stable-descriptors.md,https://github.com/delta9000/seed-forth/blob/7d7e1996d1753118181d43e1a413960d3a1ec24b/060-cc-types.fth#L324-L324
060-cc-types.fth,7d7e1996d1753118181d43e1a413960d3a1ec24b,b71cfd5e88ee99a94f8ebc0ac5b5e2dffb5d5c0d,cc-sf-set-desc,325,325,C07,chapters/07-types-and-stable-descriptors.md,https://github.com/delta9000/seed-forth/blob/7d7e1996d1753118181d43e1a413960d3a1ec24b/060-cc-types.fth#L325-L325
060-cc-types.fth,7d7e1996d1753118181d43e1a413960d3a1ec24b,b71cfd5e88ee99a94f8ebc0ac5b5e2dffb5d5c0d,cc-sf-set-array-len,326,326,C07,chapters/07-types-and-stable-descriptors.md,https://github.com/delta9000/seed-forth/blob/7d7e1996d1753118181d43e1a413960d3a1ec24b/060-cc-types.fth#L326-L326
060-cc-types.fth,7d7e1996d1753118181d43e1a413960d3a1ec24b,b71cfd5e88ee99a94f8ebc0ac5b5e2dffb5d5c0d,cc-sf-array-inner-default,329,329,C07,chapters/07-types-and-stable-descriptors.md,https://github.com/delta9000/seed-forth/blob/7d7e1996d1753118181d43e1a413960d3a1ec24b/060-cc-types.fth#L329-L329
060-cc-types.fth,7d7e1996d1753118181d43e1a413960d3a1ec24b,b71cfd5e88ee99a94f8ebc0ac5b5e2dffb5d5c0d,cc-sf-set-array-inner-default,330,331,C07,chapters/07-types-and-stable-descriptors.md,https://github.com/delta9000/seed-forth/blob/7d7e1996d1753118181d43e1a413960d3a1ec24b/060-cc-types.fth#L330-L331
070-cc-sym.fth,7d7e1996d1753118181d43e1a413960d3a1ec24b,c9bc6dde33ea1cd30bae9965e9119c2540d4b6a5,cc-field-qualified,42,45,C08,chapters/08-names-and-lexical-scope.md,https://github.com/delta9000/seed-forth/blob/7d7e1996d1753118181d43e1a413960d3a1ec24b/070-cc-sym.fth#L42-L45
070-cc-sym.fth,7d7e1996d1753118181d43e1a413960d3a1ec24b,c9bc6dde33ea1cd30bae9965e9119c2540d4b6a5,cc-field-set-qualified,46,50,C08,chapters/08-names-and-lexical-scope.md,https://github.com/delta9000/seed-forth/blob/7d7e1996d1753118181d43e1a413960d3a1ec24b/070-cc-sym.fth#L46-L50
070-cc-sym.fth,7d7e1996d1753118181d43e1a413960d3a1ec24b,c9bc6dde33ea1cd30bae9965e9119c2540d4b6a5,cc-sym-add,74,91,C08,chapters/08-names-and-lexical-scope.md,https://github.com/delta9000/seed-forth/blob/7d7e1996d1753118181d43e1a413960d3a1ec24b/070-cc-sym.fth#L74-L91
070-cc-sym.fth,7d7e1996d1753118181d43e1a413960d3a1ec24b,c9bc6dde33ea1cd30bae9965e9119c2540d4b6a5,cc-sym-find-default,100,101,C08,chapters/08-names-and-lexical-scope.md,https://github.com/delta9000/seed-forth/blob/7d7e1996d1753118181d43e1a413960d3a1ec24b/070-cc-sym.fth#L100-L101
070-cc-sym.fth,7d7e1996d1753118181d43e1a413960d3a1ec24b,c9bc6dde33ea1cd30bae9965e9119c2540d4b6a5,cc-sym-kind-of,111,111,C08,chapters/08-names-and-lexical-scope.md,https://github.com/delta9000/seed-forth/blob/7d7e1996d1753118181d43e1a413960d3a1ec24b/070-cc-sym.fth#L111-L111
070-cc-sym.fth,7d7e1996d1753118181d43e1a413960d3a1ec24b,c9bc6dde33ea1cd30bae9965e9119c2540d4b6a5,cc-sym-type-of,112,112,C08,chapters/08-names-and-lexical-scope.md,https://github.com/delta9000/seed-forth/blob/7d7e1996d1753118181d43e1a413960d3a1ec24b/070-cc-sym.fth#L112-L112
070-cc-sym.fth,7d7e1996d1753118181d43e1a413960d3a1ec24b,c9bc6dde33ea1cd30bae9965e9119c2540d4b6a5,cc-sym-val-of,113,113,C08,chapters/08-names-and-lexical-scope.md,https://github.com/delta9000/seed-forth/blob/7d7e1996d1753118181d43e1a413960d3a1ec24b/070-cc-sym.fth#L113-L113
070-cc-sym.fth,7d7e1996d1753118181d43e1a413960d3a1ec24b,c9bc6dde33ea1cd30bae9965e9119c2540d4b6a5,cc-sym-array-len-of,118,118,C08,chapters/08-names-and-lexical-scope.md,https://github.com/delta9000/seed-forth/blob/7d7e1996d1753118181d43e1a413960d3a1ec24b/070-cc-sym.fth#L118-L118
070-cc-sym.fth,7d7e1996d1753118181d43e1a413960d3a1ec24b,c9bc6dde33ea1cd30bae9965e9119c2540d4b6a5,cc-sym-set-array-len,119,119,C08,chapters/08-names-and-lexical-scope.md,https://github.com/delta9000/seed-forth/blob/7d7e1996d1753118181d43e1a413960d3a1ec24b/070-cc-sym.fth#L119-L119
070-cc-sym.fth,7d7e1996d1753118181d43e1a413960d3a1ec24b,c9bc6dde33ea1cd30bae9965e9119c2540d4b6a5,cc-sym-struct-desc-of,124,125,C08,chapters/08-names-and-lexical-scope.md,https://github.com/delta9000/seed-forth/blob/7d7e1996d1753118181d43e1a413960d3a1ec24b/070-cc-sym.fth#L124-L125
070-cc-sym.fth,7d7e1996d1753118181d43e1a413960d3a1ec24b,c9bc6dde33ea1cd30bae9965e9119c2540d4b6a5,cc-sym-set-struct-desc,126,127,C08,chapters/08-names-and-lexical-scope.md,https://github.com/delta9000/seed-forth/blob/7d7e1996d1753118181d43e1a413960d3a1ec24b/070-cc-sym.fth#L126-L127
070-cc-sym.fth,7d7e1996d1753118181d43e1a413960d3a1ec24b,c9bc6dde33ea1cd30bae9965e9119c2540d4b6a5,cc-sym-array-inner-of,128,128,C08,chapters/08-names-and-lexical-scope.md,https://github.com/delta9000/seed-forth/blob/7d7e1996d1753118181d43e1a413960d3a1ec24b/070-cc-sym.fth#L128-L128
070-cc-sym.fth,7d7e1996d1753118181d43e1a413960d3a1ec24b,c9bc6dde33ea1cd30bae9965e9119c2540d4b6a5,cc-sym-set-array-inner,129,129,C08,chapters/08-names-and-lexical-scope.md,https://github.com/delta9000/seed-forth/blob/7d7e1996d1753118181d43e1a413960d3a1ec24b/070-cc-sym.fth#L129-L129
070-cc-sym.fth,7d7e1996d1753118181d43e1a413960d3a1ec24b,c9bc6dde33ea1cd30bae9965e9119c2540d4b6a5,cc-sym-call-fixups-default,133,133,C08,chapters/08-names-and-lexical-scope.md,https://github.com/delta9000/seed-forth/blob/7d7e1996d1753118181d43e1a413960d3a1ec24b/070-cc-sym.fth#L133-L133
070-cc-sym.fth,7d7e1996d1753118181d43e1a413960d3a1ec24b,c9bc6dde33ea1cd30bae9965e9119c2540d4b6a5,cc-sym-addr-fixups-default,142,142,C08,chapters/08-names-and-lexical-scope.md,https://github.com/delta9000/seed-forth/blob/7d7e1996d1753118181d43e1a413960d3a1ec24b/070-cc-sym.fth#L142-L142
070-cc-sym.fth,7d7e1996d1753118181d43e1a413960d3a1ec24b,c9bc6dde33ea1cd30bae9965e9119c2540d4b6a5,cc-sym-object-size-of,145,145,C08,chapters/08-names-and-lexical-scope.md,https://github.com/delta9000/seed-forth/blob/7d7e1996d1753118181d43e1a413960d3a1ec24b/070-cc-sym.fth#L145-L145
070-cc-sym.fth,7d7e1996d1753118181d43e1a413960d3a1ec24b,c9bc6dde33ea1cd30bae9965e9119c2540d4b6a5,cc-sym-set-object-size,146,146,C08,chapters/08-names-and-lexical-scope.md,https://github.com/delta9000/seed-forth/blob/7d7e1996d1753118181d43e1a413960d3a1ec24b/070-cc-sym.fth#L146-L146
070-cc-sym.fth,7d7e1996d1753118181d43e1a413960d3a1ec24b,c9bc6dde33ea1cd30bae9965e9119c2540d4b6a5,cc-scope-push,154,158,C08,chapters/08-names-and-lexical-scope.md,https://github.com/delta9000/seed-forth/blob/7d7e1996d1753118181d43e1a413960d3a1ec24b/070-cc-sym.fth#L154-L158
070-cc-sym.fth,7d7e1996d1753118181d43e1a413960d3a1ec24b,c9bc6dde33ea1cd30bae9965e9119c2540d4b6a5,cc-scope-pop,163,167,C08,chapters/08-names-and-lexical-scope.md,https://github.com/delta9000/seed-forth/blob/7d7e1996d1753118181d43e1a413960d3a1ec24b/070-cc-sym.fth#L163-L167
