section,kind,start_offset,end_offset_exclusive,bytes,unit,manuscript_status,source_revision,source_url
elf_header:elf_header,elf_header,0x000,0x040,64,S11,drafted,7d7e1996d1753118181d43e1a413960d3a1ec24b,https://github.com/delta9000/seed-forth/blob/7d7e1996d1753118181d43e1a413960d3a1ec24b/000-seed.hex0#L19-L41
program_header:program_header,program_header,0x040,0x078,56,S11,drafted,7d7e1996d1753118181d43e1a413960d3a1ec24b,https://github.com/delta9000/seed-forth/blob/7d7e1996d1753118181d43e1a413960d3a1ec24b/000-seed.hex0#L42-L62
startup:_start,startup,0x078,0x085,13,S11,drafted,7d7e1996d1753118181d43e1a413960d3a1ec24b,https://github.com/delta9000/seed-forth/blob/7d7e1996d1753118181d43e1a413960d3a1ec24b/000-seed.hex0#L63-L66
startup:sysvar_init,startup,0x085,0x0B5,48,S11,drafted,7d7e1996d1753118181d43e1a413960d3a1ec24b,https://github.com/delta9000/seed-forth/blob/7d7e1996d1753118181d43e1a413960d3a1ec24b/000-seed.hex0#L67-L72
startup:jmp_repl,startup,0x0B5,0x0BA,5,S11,drafted,7d7e1996d1753118181d43e1a413960d3a1ec24b,https://github.com/delta9000/seed-forth/blob/7d7e1996d1753118181d43e1a413960d3a1ec24b/000-seed.hex0#L73-L75
dictionary_header:dup,dictionary_header,0x0BA,0x0C7,13,S15,drafted,7d7e1996d1753118181d43e1a413960d3a1ec24b,https://github.com/delta9000/seed-forth/blob/7d7e1996d1753118181d43e1a413960d3a1ec24b/000-seed.hex0#L76-L80
primitive_body:dup_code,primitive_body,0x0C7,0x0D0,9,S12,drafted,7d7e1996d1753118181d43e1a413960d3a1ec24b,https://github.com/delta9000/seed-forth/blob/7d7e1996d1753118181d43e1a413960d3a1ec24b/000-seed.hex0#L81-L85
dictionary_header:drop,dictionary_header,0x0D0,0x0DE,14,S15,drafted,7d7e1996d1753118181d43e1a413960d3a1ec24b,https://github.com/delta9000/seed-forth/blob/7d7e1996d1753118181d43e1a413960d3a1ec24b/000-seed.hex0#L86-L90
primitive_body:drop_code,primitive_body,0x0DE,0x0E7,9,S12,drafted,7d7e1996d1753118181d43e1a413960d3a1ec24b,https://github.com/delta9000/seed-forth/blob/7d7e1996d1753118181d43e1a413960d3a1ec24b/000-seed.hex0#L91-L95
dictionary_header:swap,dictionary_header,0x0E7,0x0F5,14,S15,drafted,7d7e1996d1753118181d43e1a413960d3a1ec24b,https://github.com/delta9000/seed-forth/blob/7d7e1996d1753118181d43e1a413960d3a1ec24b/000-seed.hex0#L96-L100
primitive_body:swap_code,primitive_body,0x0F5,0x101,12,S12,drafted,7d7e1996d1753118181d43e1a413960d3a1ec24b,https://github.com/delta9000/seed-forth/blob/7d7e1996d1753118181d43e1a413960d3a1ec24b/000-seed.hex0#L101-L106
dictionary_header:>r,dictionary_header,0x101,0x10D,12,S15,drafted,7d7e1996d1753118181d43e1a413960d3a1ec24b,https://github.com/delta9000/seed-forth/blob/7d7e1996d1753118181d43e1a413960d3a1ec24b/000-seed.hex0#L107-L111
primitive_body:to_r_code,primitive_body,0x10D,0x119,12,S12,drafted,7d7e1996d1753118181d43e1a413960d3a1ec24b,https://github.com/delta9000/seed-forth/blob/7d7e1996d1753118181d43e1a413960d3a1ec24b/000-seed.hex0#L112-L119
dictionary_header:r>,dictionary_header,0x119,0x125,12,S15,drafted,7d7e1996d1753118181d43e1a413960d3a1ec24b,https://github.com/delta9000/seed-forth/blob/7d7e1996d1753118181d43e1a413960d3a1ec24b/000-seed.hex0#L120-L124
primitive_body:r_from_code,primitive_body,0x125,0x131,12,S12,drafted,7d7e1996d1753118181d43e1a413960d3a1ec24b,https://github.com/delta9000/seed-forth/blob/7d7e1996d1753118181d43e1a413960d3a1ec24b/000-seed.hex0#L125-L132
dictionary_header:r@,dictionary_header,0x131,0x13D,12,S15,drafted,7d7e1996d1753118181d43e1a413960d3a1ec24b,https://github.com/delta9000/seed-forth/blob/7d7e1996d1753118181d43e1a413960d3a1ec24b/000-seed.hex0#L133-L137
primitive_body:r_at_code,primitive_body,0x13D,0x14E,17,S12,drafted,7d7e1996d1753118181d43e1a413960d3a1ec24b,https://github.com/delta9000/seed-forth/blob/7d7e1996d1753118181d43e1a413960d3a1ec24b/000-seed.hex0#L138-L146
dictionary_header:@,dictionary_header,0x14E,0x159,11,S15,drafted,7d7e1996d1753118181d43e1a413960d3a1ec24b,https://github.com/delta9000/seed-forth/blob/7d7e1996d1753118181d43e1a413960d3a1ec24b/000-seed.hex0#L147-L151
primitive_body:fetch_code,primitive_body,0x159,0x15D,4,S12,drafted,7d7e1996d1753118181d43e1a413960d3a1ec24b,https://github.com/delta9000/seed-forth/blob/7d7e1996d1753118181d43e1a413960d3a1ec24b/000-seed.hex0#L152-L155
dictionary_header:!,dictionary_header,0x15D,0x168,11,S15,drafted,7d7e1996d1753118181d43e1a413960d3a1ec24b,https://github.com/delta9000/seed-forth/blob/7d7e1996d1753118181d43e1a413960d3a1ec24b/000-seed.hex0#L156-L160
primitive_body:store_code,primitive_body,0x168,0x17C,20,S12,drafted,7d7e1996d1753118181d43e1a413960d3a1ec24b,https://github.com/delta9000/seed-forth/blob/7d7e1996d1753118181d43e1a413960d3a1ec24b/000-seed.hex0#L161-L168
dictionary_header:c@,dictionary_header,0x17C,0x188,12,S15,drafted,7d7e1996d1753118181d43e1a413960d3a1ec24b,https://github.com/delta9000/seed-forth/blob/7d7e1996d1753118181d43e1a413960d3a1ec24b/000-seed.hex0#L169-L173
primitive_body:cfetch_code,primitive_body,0x188,0x18D,5,S12,drafted,7d7e1996d1753118181d43e1a413960d3a1ec24b,https://github.com/delta9000/seed-forth/blob/7d7e1996d1753118181d43e1a413960d3a1ec24b/000-seed.hex0#L174-L177
dictionary_header:c!,dictionary_header,0x18D,0x199,12,S15,drafted,7d7e1996d1753118181d43e1a413960d3a1ec24b,https://github.com/delta9000/seed-forth/blob/7d7e1996d1753118181d43e1a413960d3a1ec24b/000-seed.hex0#L178-L182
primitive_body:cstore_code,primitive_body,0x199,0x1AC,19,S12,drafted,7d7e1996d1753118181d43e1a413960d3a1ec24b,https://github.com/delta9000/seed-forth/blob/7d7e1996d1753118181d43e1a413960d3a1ec24b/000-seed.hex0#L183-L190
dictionary_header:+,dictionary_header,0x1AC,0x1B7,11,S15,drafted,7d7e1996d1753118181d43e1a413960d3a1ec24b,https://github.com/delta9000/seed-forth/blob/7d7e1996d1753118181d43e1a413960d3a1ec24b/000-seed.hex0#L191-L195
primitive_body:plus_code,primitive_body,0x1B7,0x1C0,9,S13,drafted,7d7e1996d1753118181d43e1a413960d3a1ec24b,https://github.com/delta9000/seed-forth/blob/7d7e1996d1753118181d43e1a413960d3a1ec24b/000-seed.hex0#L196-L200
dictionary_header:nand,dictionary_header,0x1C0,0x1CE,14,S15,drafted,7d7e1996d1753118181d43e1a413960d3a1ec24b,https://github.com/delta9000/seed-forth/blob/7d7e1996d1753118181d43e1a413960d3a1ec24b/000-seed.hex0#L201-L205
primitive_body:nand_code,primitive_body,0x1CE,0x1DA,12,S13,drafted,7d7e1996d1753118181d43e1a413960d3a1ec24b,https://github.com/delta9000/seed-forth/blob/7d7e1996d1753118181d43e1a413960d3a1ec24b/000-seed.hex0#L206-L211
dictionary_header:0=,dictionary_header,0x1DA,0x1E6,12,S15,drafted,7d7e1996d1753118181d43e1a413960d3a1ec24b,https://github.com/delta9000/seed-forth/blob/7d7e1996d1753118181d43e1a413960d3a1ec24b/000-seed.hex0#L212-L216
primitive_body:zeq_code,primitive_body,0x1E6,0x1F5,15,S13,drafted,7d7e1996d1753118181d43e1a413960d3a1ec24b,https://github.com/delta9000/seed-forth/blob/7d7e1996d1753118181d43e1a413960d3a1ec24b/000-seed.hex0#L217-L223
dictionary_header:/,dictionary_header,0x1F5,0x200,11,S15,drafted,7d7e1996d1753118181d43e1a413960d3a1ec24b,https://github.com/delta9000/seed-forth/blob/7d7e1996d1753118181d43e1a413960d3a1ec24b/000-seed.hex0#L224-L228
primitive_body:divide_code,primitive_body,0x200,0x212,18,S13,drafted,7d7e1996d1753118181d43e1a413960d3a1ec24b,https://github.com/delta9000/seed-forth/blob/7d7e1996d1753118181d43e1a413960d3a1ec24b/000-seed.hex0#L229-L238
dictionary_header:*,dictionary_header,0x212,0x21D,11,S15,drafted,7d7e1996d1753118181d43e1a413960d3a1ec24b,https://github.com/delta9000/seed-forth/blob/7d7e1996d1753118181d43e1a413960d3a1ec24b/000-seed.hex0#L239-L243
primitive_body:star_code,primitive_body,0x21D,0x22D,16,S13,drafted,7d7e1996d1753118181d43e1a413960d3a1ec24b,https://github.com/delta9000/seed-forth/blob/7d7e1996d1753118181d43e1a413960d3a1ec24b/000-seed.hex0#L244-L250
dictionary_header:bye,dictionary_header,0x22D,0x23A,13,S15,drafted,7d7e1996d1753118181d43e1a413960d3a1ec24b,https://github.com/delta9000/seed-forth/blob/7d7e1996d1753118181d43e1a413960d3a1ec24b/000-seed.hex0#L251-L255
primitive_body:bye_code,primitive_body,0x23A,0x246,12,S14,drafted,7d7e1996d1753118181d43e1a413960d3a1ec24b,https://github.com/delta9000/seed-forth/blob/7d7e1996d1753118181d43e1a413960d3a1ec24b/000-seed.hex0#L256-L260
dictionary_header:emit,dictionary_header,0x246,0x254,14,S15,drafted,7d7e1996d1753118181d43e1a413960d3a1ec24b,https://github.com/delta9000/seed-forth/blob/7d7e1996d1753118181d43e1a413960d3a1ec24b/000-seed.hex0#L261-L265
primitive_body:emit_code,primitive_body,0x254,0x282,46,S14,drafted,7d7e1996d1753118181d43e1a413960d3a1ec24b,https://github.com/delta9000/seed-forth/blob/7d7e1996d1753118181d43e1a413960d3a1ec24b/000-seed.hex0#L266-L277
dictionary_header:key,dictionary_header,0x282,0x28F,13,S15,drafted,7d7e1996d1753118181d43e1a413960d3a1ec24b,https://github.com/delta9000/seed-forth/blob/7d7e1996d1753118181d43e1a413960d3a1ec24b/000-seed.hex0#L278-L282
primitive_body:key_code,primitive_body,0x28F,0x2BE,47,S14,drafted,7d7e1996d1753118181d43e1a413960d3a1ec24b,https://github.com/delta9000/seed-forth/blob/7d7e1996d1753118181d43e1a413960d3a1ec24b/000-seed.hex0#L283-L299
dictionary_header:syscall6,dictionary_header,0x2BE,0x2D0,18,S15,drafted,7d7e1996d1753118181d43e1a413960d3a1ec24b,https://github.com/delta9000/seed-forth/blob/7d7e1996d1753118181d43e1a413960d3a1ec24b/000-seed.hex0#L300-L304
primitive_body:syscall6_code,primitive_body,0x2D0,0x2F5,37,S14,drafted,7d7e1996d1753118181d43e1a413960d3a1ec24b,https://github.com/delta9000/seed-forth/blob/7d7e1996d1753118181d43e1a413960d3a1ec24b/000-seed.hex0#L305-L319
dictionary_header:find,dictionary_header,0x2F5,0x303,14,S15,drafted,7d7e1996d1753118181d43e1a413960d3a1ec24b,https://github.com/delta9000/seed-forth/blob/7d7e1996d1753118181d43e1a413960d3a1ec24b/000-seed.hex0#L320-L324
primitive_body:find_code,primitive_body,0x303,0x359,86,S15,drafted,7d7e1996d1753118181d43e1a413960d3a1ec24b,https://github.com/delta9000/seed-forth/blob/7d7e1996d1753118181d43e1a413960d3a1ec24b/000-seed.hex0#L325-L361
dictionary_header:here,dictionary_header,0x359,0x367,14,S15,drafted,7d7e1996d1753118181d43e1a413960d3a1ec24b,https://github.com/delta9000/seed-forth/blob/7d7e1996d1753118181d43e1a413960d3a1ec24b/000-seed.hex0#L362-L366
primitive_body:here_code,primitive_body,0x367,0x378,17,S15,drafted,7d7e1996d1753118181d43e1a413960d3a1ec24b,https://github.com/delta9000/seed-forth/blob/7d7e1996d1753118181d43e1a413960d3a1ec24b/000-seed.hex0#L367-L372
"dictionary_header:,",dictionary_header,0x378,0x383,11,S15,drafted,7d7e1996d1753118181d43e1a413960d3a1ec24b,https://github.com/delta9000/seed-forth/blob/7d7e1996d1753118181d43e1a413960d3a1ec24b/000-seed.hex0#L373-L377
primitive_body:comma_code,primitive_body,0x383,0x3A3,32,S15,drafted,7d7e1996d1753118181d43e1a413960d3a1ec24b,https://github.com/delta9000/seed-forth/blob/7d7e1996d1753118181d43e1a413960d3a1ec24b/000-seed.hex0#L378-L386
dictionary_header:execute,dictionary_header,0x3A3,0x3B4,17,S15,drafted,7d7e1996d1753118181d43e1a413960d3a1ec24b,https://github.com/delta9000/seed-forth/blob/7d7e1996d1753118181d43e1a413960d3a1ec24b/000-seed.hex0#L387-L391
primitive_body:execute_code,primitive_body,0x3B4,0x3C1,13,S15,drafted,7d7e1996d1753118181d43e1a413960d3a1ec24b,https://github.com/delta9000/seed-forth/blob/7d7e1996d1753118181d43e1a413960d3a1ec24b/000-seed.hex0#L392-L397
helper:read_word,helper,0x3C1,0x436,117,S15,drafted,7d7e1996d1753118181d43e1a413960d3a1ec24b,https://github.com/delta9000/seed-forth/blob/7d7e1996d1753118181d43e1a413960d3a1ec24b/000-seed.hex0#L398-L452
helper:read_char,helper,0x436,0x459,35,S15,drafted,7d7e1996d1753118181d43e1a413960d3a1ec24b,https://github.com/delta9000/seed-forth/blob/7d7e1996d1753118181d43e1a413960d3a1ec24b/000-seed.hex0#L453-L467
helper:report_token,helper,0x459,0x477,30,S15,drafted,7d7e1996d1753118181d43e1a413960d3a1ec24b,https://github.com/delta9000/seed-forth/blob/7d7e1996d1753118181d43e1a413960d3a1ec24b/000-seed.hex0#L468-L477
helper:fatal_token,helper,0x477,0x488,17,S15,drafted,7d7e1996d1753118181d43e1a413960d3a1ec24b,https://github.com/delta9000/seed-forth/blob/7d7e1996d1753118181d43e1a413960d3a1ec24b/000-seed.hex0#L478-L483
dictionary_header:state,dictionary_header,0x488,0x497,15,S15,drafted,7d7e1996d1753118181d43e1a413960d3a1ec24b,https://github.com/delta9000/seed-forth/blob/7d7e1996d1753118181d43e1a413960d3a1ec24b/000-seed.hex0#L484-L488
primitive_body:state_code,primitive_body,0x497,0x4AA,19,S15,drafted,7d7e1996d1753118181d43e1a413960d3a1ec24b,https://github.com/delta9000/seed-forth/blob/7d7e1996d1753118181d43e1a413960d3a1ec24b/000-seed.hex0#L489-L494
dictionary_header:latest,dictionary_header,0x4AA,0x4BA,16,S15,drafted,7d7e1996d1753118181d43e1a413960d3a1ec24b,https://github.com/delta9000/seed-forth/blob/7d7e1996d1753118181d43e1a413960d3a1ec24b/000-seed.hex0#L495-L499
primitive_body:latest_code,primitive_body,0x4BA,0x4CD,19,S15,drafted,7d7e1996d1753118181d43e1a413960d3a1ec24b,https://github.com/delta9000/seed-forth/blob/7d7e1996d1753118181d43e1a413960d3a1ec24b/000-seed.hex0#L500-L505
dictionary_header:',dictionary_header,0x4CD,0x4D8,11,S15,drafted,7d7e1996d1753118181d43e1a413960d3a1ec24b,https://github.com/delta9000/seed-forth/blob/7d7e1996d1753118181d43e1a413960d3a1ec24b/000-seed.hex0#L506-L510
primitive_body:tick_code,primitive_body,0x4D8,0x4E2,10,S15,drafted,7d7e1996d1753118181d43e1a413960d3a1ec24b,https://github.com/delta9000/seed-forth/blob/7d7e1996d1753118181d43e1a413960d3a1ec24b/000-seed.hex0#L511-L514
dictionary_header::,dictionary_header,0x4E2,0x4ED,11,S15,drafted,7d7e1996d1753118181d43e1a413960d3a1ec24b,https://github.com/delta9000/seed-forth/blob/7d7e1996d1753118181d43e1a413960d3a1ec24b/000-seed.hex0#L515-L519
primitive_body:colon_code,primitive_body,0x4ED,0x53F,82,S16,drafted,7d7e1996d1753118181d43e1a413960d3a1ec24b,https://github.com/delta9000/seed-forth/blob/7d7e1996d1753118181d43e1a413960d3a1ec24b/000-seed.hex0#L520-L537
dictionary_header:;,dictionary_header,0x53F,0x54A,11,S15,drafted,7d7e1996d1753118181d43e1a413960d3a1ec24b,https://github.com/delta9000/seed-forth/blob/7d7e1996d1753118181d43e1a413960d3a1ec24b/000-seed.hex0#L538-L542
primitive_body:semicolon_code,primitive_body,0x54A,0x56D,35,S16,drafted,7d7e1996d1753118181d43e1a413960d3a1ec24b,https://github.com/delta9000/seed-forth/blob/7d7e1996d1753118181d43e1a413960d3a1ec24b/000-seed.hex0#L543-L550
helper:compile_call,helper,0x56D,0x593,38,S16,drafted,7d7e1996d1753118181d43e1a413960d3a1ec24b,https://github.com/delta9000/seed-forth/blob/7d7e1996d1753118181d43e1a413960d3a1ec24b/000-seed.hex0#L551-L562
dictionary_header:lit,dictionary_header,0x593,0x5A0,13,S15,drafted,7d7e1996d1753118181d43e1a413960d3a1ec24b,https://github.com/delta9000/seed-forth/blob/7d7e1996d1753118181d43e1a413960d3a1ec24b/000-seed.hex0#L563-L567
primitive_body:lit_code,primitive_body,0x5A0,0x5B2,18,S16,drafted,7d7e1996d1753118181d43e1a413960d3a1ec24b,https://github.com/delta9000/seed-forth/blob/7d7e1996d1753118181d43e1a413960d3a1ec24b/000-seed.hex0#L568-L576
dictionary_header:[lit],dictionary_header,0x5B2,0x5C1,15,S15,drafted,7d7e1996d1753118181d43e1a413960d3a1ec24b,https://github.com/delta9000/seed-forth/blob/7d7e1996d1753118181d43e1a413960d3a1ec24b/000-seed.hex0#L577-L581
primitive_body:bracket_lit_code,primitive_body,0x5C1,0x601,64,S16,drafted,7d7e1996d1753118181d43e1a413960d3a1ec24b,https://github.com/delta9000/seed-forth/blob/7d7e1996d1753118181d43e1a413960d3a1ec24b/000-seed.hex0#L582-L601
dictionary_header:branch,dictionary_header,0x601,0x611,16,S15,drafted,7d7e1996d1753118181d43e1a413960d3a1ec24b,https://github.com/delta9000/seed-forth/blob/7d7e1996d1753118181d43e1a413960d3a1ec24b/000-seed.hex0#L602-L606
primitive_body:branch_code,primitive_body,0x611,0x617,6,S17,planned,7d7e1996d1753118181d43e1a413960d3a1ec24b,https://github.com/delta9000/seed-forth/blob/7d7e1996d1753118181d43e1a413960d3a1ec24b/000-seed.hex0#L607-L612
dictionary_header:0branch,dictionary_header,0x617,0x628,17,S15,drafted,7d7e1996d1753118181d43e1a413960d3a1ec24b,https://github.com/delta9000/seed-forth/blob/7d7e1996d1753118181d43e1a413960d3a1ec24b/000-seed.hex0#L613-L617
primitive_body:zbranch_code,primitive_body,0x628,0x644,28,S17,planned,7d7e1996d1753118181d43e1a413960d3a1ec24b,https://github.com/delta9000/seed-forth/blob/7d7e1996d1753118181d43e1a413960d3a1ec24b/000-seed.hex0#L618-L632
helper:parse_decimal_code,helper,0x644,0x699,85,S18,planned,7d7e1996d1753118181d43e1a413960d3a1ec24b,https://github.com/delta9000/seed-forth/blob/7d7e1996d1753118181d43e1a413960d3a1ec24b/000-seed.hex0#L633-L663
helper:repl,helper,0x699,0x6EC,83,S18,planned,7d7e1996d1753118181d43e1a413960d3a1ec24b,https://github.com/delta9000/seed-forth/blob/7d7e1996d1753118181d43e1a413960d3a1ec24b/000-seed.hex0#L664-L689
